{"blockType":"stone","settingUI":{"tabList":[{"leftName":"editor.ui.baseProp","wndName":"BaseProp"}]},"base":"base_block","breakBlockSound":{"loop":true,"path":"resource\/blocksound\/sand_break.mp3","sound":"","volume":1},"texture":["sand_Sand_brick_5.png","sand_Sand_brick_5.png","sand_Sand_brick_5.png","sand_Sand_brick_5.png","sand_Sand_brick_5.png","sand_Sand_brick_5.png"],"breakTime":20,"basePropDesc":{"block.die.drop.title":[[["block",1,1,"myplugin\/Sand_brick_5","block:myplugin\/Sand_brick_5","Sand_brick_5"]]],"golden_apple_hardness":[1]},"breakBlockAfterSound":{"sound":"","loop":false,"selfOnly":false,"path":"resource\/blocksound\/sand_final.mp3","volume":1},"editBaseFunc":"block_breakTime","placeBlockSound":{"loop":false,"path":"resource\/blocksound\/sand_place.mp3","sound":"","volume":1},"dropItemList":[["block",1,1,"myplugin\/Sand_brick_5","block:myplugin\/Sand_brick_5","Sand_brick_5"]],"Editor_SpecialId":["12:0"],"Editor_NameKey":"tr.10269","desc":"{base_block_desc}\n{golden_apple_hardness}:1.0\n"}