{
    "dropItemList": [
        [
            "block",
            1,
            1,
            "myplugin/birch_fence",
            "block:myplugin/birch_fence",
            "birch_fence"
        ]
    ],
    "editBaseFunc": "block_breakTime",
    "breakTime": 20,
    "collisionBoxes": [
        {
            "max": {
                "z": 0.6,
                "x": 0.6,
                "y": 1
            },
            "min": {
                "z": 0.4,
                "x": 0.4,
                "y": 0
            }
        }
    ],
    "quads": [
        {
            "texture": "birch_back.png",
            "pos": [
                {
                    "z": 0.6,
                    "x": 0.4,
                    "y": 1
                },
                {
                    "z": 0.6,
                    "x": 0.4,
                    "y": 0
                },
                {
                    "z": 0.6,
                    "x": 0.6,
                    "y": 0
                },
                {
                    "z": 0.6,
                    "x": 0.6,
                    "y": 1
                }
            ]
        },
        {
            "texture": "birch_back.png",
            "pos": [
                {
                    "z": 0.6,
                    "x": 0.6,
                    "y": 1
                },
                {
                    "z": 0.6,
                    "x": 0.6,
                    "y": 0
                },
                {
                    "z": 0.4,
                    "x": 0.6,
                    "y": 0
                },
                {
                    "z": 0.4,
                    "x": 0.6,
                    "y": 1
                }
            ]
        },
        {
            "texture": "birch_back.png",
            "pos": [
                {
                    "z": 0.4,
                    "x": 0.6,
                    "y": 1
                },
                {
                    "z": 0.4,
                    "x": 0.6,
                    "y": 0
                },
                {
                    "z": 0.4,
                    "x": 0.4,
                    "y": 0
                },
                {
                    "z": 0.4,
                    "x": 0.4,
                    "y": 1
                }
            ]
        },
        {
            "texture": "birch_back.png",
            "pos": [
                {
                    "z": 0.4,
                    "x": 0.4,
                    "y": 1
                },
                {
                    "z": 0.4,
                    "x": 0.4,
                    "y": 0
                },
                {
                    "z": 0.6,
                    "x": 0.4,
                    "y": 0
                },
                {
                    "z": 0.6,
                    "x": 0.4,
                    "y": 1
                }
            ]
        },
        {
            "texture": "birch_back.png",
            "pos": [
                {
                    "z": 0.4,
                    "x": 0.4,
                    "y": 1
                },
                {
                    "z": 0.6,
                    "x": 0.4,
                    "y": 1
                },
                {
                    "z": 0.6,
                    "x": 0.6,
                    "y": 1
                },
                {
                    "z": 0.4,
                    "x": 0.6,
                    "y": 1
                }
            ]
        },
        {
            "texture": "birch_back.png",
            "pos": [
                {
                    "z": 0.6,
                    "x": 0.4,
                    "y": 0
                },
                {
                    "z": 0.4,
                    "x": 0.4,
                    "y": 0
                },
                {
                    "z": 0.4,
                    "x": 0.6,
                    "y": 0
                },
                {
                    "z": 0.6,
                    "x": 0.6,
                    "y": 0
                }
            ]
        }
    ],
    "settingUI": {
        "tabList": [
            {
                "leftName": "editor.ui.baseProp",
                "wndName": "BaseProp"
            }
        ]
    },
    "lightOpacity": 15,
    "isOpaqueFullCube": false,
    "blockObjectOnCollision": false,
    "base": "base_block"
}