{
    "dropItemList": [
        [
            "block",
            1,
            1,
            "myplugin/black_bed_feet",
            "block:myplugin/black_bed_feet",
            "black_bed_feet"
        ]
    ],
    "editBaseFunc": "block_breakTime",
    "breakTime": 20,
    "collisionBoxes": [
        {
            "max": {
                "z": 1,
                "x": 1,
                "y": 0.5
            },
            "min": {
                "z": 0,
                "x": 0,
                "y": 0
            }
        }
    ],
    "quads": [
        {
            "texture": "bed_feet_top.png",
            "pos": [
                {
                    "z": 0,
                    "x": 1,
                    "y": 0.55
                },
                {
                    "z": 1,
                    "x": 1,
                    "y": 0.55
                },
                {
                    "z": 1,
                    "x": 0,
                    "y": 0.55
                },
                {
                    "z": 0,
                    "x": 0,
                    "y": 0.55
                }
            ]
        },
        {
            "texture": "bed_feet_side_2.png",
            "pos": [
                {
                    "z": 0,
                    "x": 1,
                    "y": 1
                },
                {
                    "z": 0,
                    "x": 1,
                    "y": 0
                },
                {
                    "z": 0,
                    "x": 0,
                    "y": 0
                },
                {
                    "z": 0,
                    "x": 0,
                    "y": 1
                }
            ]
        },
        {
            "texture": "bed_feet_end.png",
            "pos": [
                {
                    "z": 1,
                    "x": 1,
                    "y": 1
                },
                {
                    "z": 1,
                    "x": 1,
                    "y": 0
                },
                {
                    "z": 0,
                    "x": 1,
                    "y": 0
                },
                {
                    "z": 0,
                    "x": 1,
                    "y": 1
                }
            ]
        },
        {
            "texture": "bed_feet_side_1.png",
            "pos": [
                {
                    "z": 1,
                    "x": 0,
                    "y": 1
                },
                {
                    "z": 1,
                    "x": 0,
                    "y": 0
                },
                {
                    "z": 1,
                    "x": 1,
                    "y": 0
                },
                {
                    "z": 1,
                    "x": 1,
                    "y": 1
                }
            ]
        }
    ],
    "settingUI": {
        "tabList": [
            {
                "leftName": "editor.ui.baseProp",
                "wndName": "BaseProp"
            }
        ]
    },
    "lightOpacity": 15,
    "isOpaqueFullCube": false,
    "blockObjectOnCollision": false,
    "base": "base_block"
}