{
    "dropItemList": [
        [
            "block",
            1,
            1,
            "myplugin/black_shulker_box",
            "block:myplugin/black_shulker_box",
            "black_shulker_box"
        ]
    ],
    "editBaseFunc": "block_breakTime",
    "breakTime": 20,
    "texture": [
        "shulker_top_black.png",
        "shulker_top_black.png",
        "shulker_top_black.png",
        "shulker_top_black.png",
        "shulker_top_black.png",
        "shulker_top_black.png"
    ],
    "settingUI": {
        "tabList": [
            {
                "leftName": "editor.ui.baseProp",
                "wndName": "BaseProp"
            }
        ]
    },
    "base": "base_block"
}