{
    "dropItemList": [
        [
            "block",
            1,
            1,
            "myplugin/brown_bed_head",
            "block:myplugin/brown_bed_head",
            "brown_bed_head"
        ]
    ],
    "editBaseFunc": "block_breakTime",
    "breakTime": 20,
    "collisionBoxes": [
        {
            "max": {
                "z": 1,
                "x": 1,
                "y": 0.5
            },
            "min": {
                "z": 0,
                "x": 0,
                "y": 0
            }
        }
    ],
    "blockObjectOnCollision": false,
    "settingUI": {
        "tabList": [
            {
                "leftName": "editor.ui.baseProp",
                "wndName": "BaseProp"
            }
        ]
    },
    "lightOpacity": 0,
    "isOpaqueFullCube": false,
    "quads": [
        {
            "pos": [
                {
                    "z": 0,
                    "x": 1,
                    "y": 0.55
                },
                {
                    "z": 1,
                    "x": 1,
                    "y": 0.55
                },
                {
                    "z": 1,
                    "x": 0,
                    "y": 0.55
                },
                {
                    "z": 0,
                    "x": 0,
                    "y": 0.55
                }
            ],
            "texture": "bed_head_top_brown_bed_head.png"
        },
        {
            "pos": [
                {
                    "z": 0,
                    "x": 1,
                    "y": 1
                },
                {
                    "z": 0,
                    "x": 1,
                    "y": 0
                },
                {
                    "z": 0,
                    "x": 0,
                    "y": 0
                },
                {
                    "z": 0,
                    "x": 0,
                    "y": 1
                }
            ],
            "texture": "bed_head_side_1_brown_bed_head.png"
        },
        {
            "pos": [
                {
                    "z": 1,
                    "x": 0,
                    "y": 1
                },
                {
                    "z": 1,
                    "x": 0,
                    "y": 0
                },
                {
                    "z": 1,
                    "x": 1,
                    "y": 0
                },
                {
                    "z": 1,
                    "x": 1,
                    "y": 1
                }
            ],
            "texture": "bed_head_side_2_brown_bed_head.png"
        },
        {
            "pos": [
                {
                    "z": 0,
                    "x": 0,
                    "y": 1
                },
                {
                    "z": 0,
                    "x": 0,
                    "y": 0
                },
                {
                    "z": 1,
                    "x": 0,
                    "y": 0
                },
                {
                    "z": 1,
                    "x": 0,
                    "y": 1
                }
            ],
            "texture": "bed_head_end_brown_bed_head.png"
        }
    ],
    "base": "base_block"
}