index	type	desc	tipDesc	itemName	blockName	num	coinName	price	limitType	limit	statusFuncName
1	37	myplugin/emerald_block_itemname	"{base_block_desc}
{golden_apple_hardness}:1
"	/block	myplugin/emerald_block	2	gDiamonds	8	1	-1	
2	37	myplugin/diamond_block_0_itemname	"{base_block_desc}
{golden_apple_hardness}:6.0
"	/block	myplugin/diamond_block_0	1	gDiamonds	5	1	-1	
3	37	gold_block	"{base_block_desc}
{golden_apple_hardness}:9.0
"	/block	myplugin/gold_block	1	gDiamonds	5	1	-1	
4	37	glowstone	"{base_block_desc}
{golden_apple_hardness}:400.0
"	/block	myplugin/glowstone	10	gDiamonds	5	1	-1	
5	58	Sand_brick_2	"{base_block_desc}
{golden_apple_hardness}:1.0
"	/block	myplugin/Sand_brick_2	1	green_currency	50	1	-1	
6	58	quartz_block_0	"{base_block_desc}
{golden_apple_hardness}:1
"	/block	myplugin/quartz_block_0	1	green_currency	6	1	-1	
7	58	planks_birch	"{base_block_desc}
{golden_apple_hardness}:1
"	/block	myplugin/planks_birch	1	green_currency	7	1	-1	
8	58	grass	"{base_block_desc}
{golden_apple_hardness}:1
"	/block	myplugin/grass	70	green_currency	6	1	-1	
9	69	myplugin/gold_sword_itemname	"{myplugin/gold_sword_base_desc}
{props_attack}8.0
{props_shield_bonus}2.0
{props_max_hp}2.0
{attach_buff_desc}{deArmour},{fire}"	myplugin/gold_sword	myplugin/wool_4	1	gDiamonds	500	1	-1	
10	69	myplugin/iron_sword_itemname	"{myplugin/iron_sword_base_desc}
{props_jump}0.4
{props_max_hp}40.0
{props_attack}40.0
{props_defense_bonus}7.0
{props_shield_bonus}10.0
{props_accelerate_bonus}7.0
{attach_buff_desc}{deArmour}"	myplugin/iron_sword	myplugin/wool_4	1	emerald	100	1	-1	
11	69	myplugin/diamond_axe_itemname	"{myplugin/diamond_axe_base_desc}
{props_effectiveness}0.6
{props_max_hp}5.0
{props_attack}5.0
{props_shield_bonus}5.0
{props_jump}0.3
{props_accelerate_bonus}4.0
{attach_buff_desc}{pressing}"	myplugin/diamond_axe	myplugin/wool_4	1	gDiamonds	40	1	-1	
12	69	myplugin/diamond_pickaxe_itemname	"{myplugin/diamond_pickaxe_base_desc}
{props_effectiveness}1
{props_attack}10.0
{props_defense_bonus}6.0
{props_shield_bonus}2.0
{attach_buff_desc}{pressing}"	myplugin/diamond_pickaxe	myplugin/wool_4	1	gDiamonds	50	1	-1	
13	69	myplugin/bow_standby_middle_itemname	"{myplugin/bow_standby_middle_base_desc}
{props_jump}0.2
{props_max_hp}6.0
{props_attack}50.0
{props_defense_bonus}4.0
{props_shield_bonus}6.0
{props_accelerate_bonus}3.0
{attach_buff_desc}{damage},{fire}"	myplugin/bow_standby_middle	myplugin/wool_4	1	gDiamonds	90	1	-1	
14	69	myplugin/wood_sword_itemname	"{myplugin/wood_sword_base_desc}
{props_shield_bonus}6
{props_defense_bonus}3
{props_attack}7.0
{attach_buff_desc}{deArmour}"	myplugin/wood_sword	myplugin/wool_4	1	gDiamonds	30	1	-1	
15	69	myplugin/iron_sword_itemname	"{myplugin/iron_sword_base_desc}
{props_jump}0.4
{props_max_hp}40.0
{props_attack}70.0
{props_defense_bonus}7.0
{props_shield_bonus}10.0
{props_accelerate_bonus}7.0
{attach_buff_desc}{deArmour}"	myplugin/iron_sword	myplugin/wool_4	1	gDiamonds	70	1	-1	
16	79	myplugin/equip_shoes_aurum_itemname	"{myplugin/equip_shoes_aurum_base_desc}
{props_max_hp}3.0
{props_attack}2.0
{props_defense_bonus}7
{attach_buff_desc}{deDamage}"	myplugin/equip_shoes_aurum	myplugin/wool_4	1	gDiamonds	100	1	-1	
17	79	myplugin/equip_pant_aurum_itemname	"{myplugin/equip_pant_aurum_base_desc}
{props_jump}0.2
{props_max_hp}4.0
{props_attack}3.0
{props_defense_bonus}1.0
{props_accelerate_bonus}2.0
{attach_buff_desc}{deDamage}"	myplugin/equip_pant_aurum	myplugin/wool_4	1	gDiamonds	100	1	-1	
18	79	myplugin/equip_clothes_aurum_itemname	"{myplugin/equip_clothes_aurum_base_desc}
{props_jump}0.5
{props_max_hp}4.0
{props_attack}2.0
{props_defense_bonus}6.0
{props_shield_bonus}2.0
{props_accelerate_bonus}4.0
{attach_buff_desc}{deDamage}"	myplugin/equip_clothes_aurum	myplugin/wool_4	1	gDiamonds	100	1	-1	
19	79	myplugin/equip_leather_boots_itemname	"{myplugin/equip_leather_boots_base_desc}
{props_shield_bonus}5
{props_attack}2.0
{props_accelerate_bonus}2
{props_max_hp}3.0
{props_defense_bonus}1.0
{attach_buff_desc}{deDamage}"	myplugin/equip_leather_boots	myplugin/wool_4	1	gDiamonds	90	1	-1	
20	79	myplugin/equip_leather_leggings_itemname	"{myplugin/equip_leather_leggings_base_desc}
{props_shield_bonus}3.0
{props_attack}9
{props_accelerate_bonus}3
{props_max_hp}5.0
{props_defense_bonus}3
{attach_buff_desc}{deDamage}"	myplugin/equip_leather_leggings	myplugin/wool_4	1	gDiamonds	200	1	-1	
21	79	myplugin/equip_leather_chestplate_itemname	"{myplugin/equip_leather_chestplate_base_desc}
{props_shield_bonus}4.0
{props_attack}2.0
{props_accelerate_bonus}3
{props_max_hp}5.0
{props_defense_bonus}3
{attach_buff_desc}{deDamage}"	myplugin/equip_leather_chestplate	myplugin/wool_4	1	gDiamonds	200	1	-1	
22	79	myplugin/equip_leather_helmet_itemname	"{myplugin/equip_leather_helmet_base_desc}
{props_shield_bonus}3.0
{props_attack}6
{props_accelerate_bonus}3
{props_max_hp}7.0
{props_defense_bonus}3.0
{attach_buff_desc}{deDamage}"	myplugin/equip_leather_helmet	myplugin/wool_4	1	gDiamonds	200	1	-1	
23	12	myplugin/bow_standby_high_itemname	"{myplugin/bow_standby_high_base_desc}
{props_accelerate_bonus}2.0
{props_jump}0.2
{props_shield_bonus}7.0
{props_attack}10.0
{props_max_hp}3.0
{props_defense_bonus}7.0
{attach_buff_desc}{damage}"	myplugin/bow_standby_high	myplugin/wool_4	1	gDiamonds	400	1	-1	
24	12	myplugin/emerald_itemname	"{myplugin/emerald_base_desc}
"	myplugin/emerald	myplugin/invisible	100	gDiamonds	8	1	-1	
25	12	myplugin/equip_shoes_diamond_itemname	"{myplugin/equip_shoes_diamond_base_desc}
{props_accelerate_bonus}6.0
{props_jump}3.0
{props_defense_bonus}10
{props_attack}8.0
{props_max_hp}30.0
{props_shield_bonus}3.0
{attach_buff_desc}{deDamage}"	myplugin/equip_shoes_diamond	myplugin/wool_4	1	gDiamonds	40	1	-1	
26	12	myplugin/equip_pant_diamond_itemname	"{myplugin/equip_pant_diamond_base_desc}
{props_accelerate_bonus}1.0
{props_jump}0.5
{props_shield_bonus}10.0
{props_attack}5.0
{props_max_hp}40.0
{props_defense_bonus}10.0
{attach_buff_desc}{deDamage}"	myplugin/equip_pant_diamond	myplugin/wool_4	1	gDiamonds	40	1	-1	
27	12	myplugin/equip_clothes_diamond_itemname	"{myplugin/equip_clothes_diamond_base_desc}
{props_accelerate_bonus}2.0
{props_jump}1.0
{props_shield_bonus}10.0
{props_attack}10.0
{props_max_hp}70.0
{props_defense_bonus}1.0
{attach_buff_desc}{deDamage}"	myplugin/equip_clothes_diamond	myplugin/wool_4	1	gDiamonds	30	1	-1	
28	29	myplugin/equip_pant_silver_itemname	"{myplugin/equip_pant_silver_base_desc}
{props_accelerate_bonus}3.0
{props_jump}0.4
{props_shield_bonus}2.0
{props_attack}3.0
{props_max_hp}5.0
{props_defense_bonus}5
{attach_buff_desc}{deDamage}"	myplugin/equip_pant_silver	myplugin/wool_4	1	diamond	50	1	-1	
29	29	myplugin/equip_shoes_silver_itemname	"{myplugin/equip_shoes_silver_base_desc}
{props_accelerate_bonus}2.0
{props_jump}0.3
{props_attack}3.0
{props_max_hp}7.0
{props_defense_bonus}5
"	myplugin/equip_shoes_silver	myplugin/wool_4	1	diamond	7	1	-1	
30	29	myplugin/equip_clothes_silver_itemname	"{myplugin/equip_clothes_silver_base_desc}
{props_accelerate_bonus}2.0
{props_shield_bonus}3.0
{props_max_hp}2.0
{props_defense_bonus}5
{attach_buff_desc}{deDamage}"	myplugin/equip_clothes_silver	myplugin/wool_4	1	diamond	10	1	-1	
31	102	myplugin/diamond_itemname	"{myplugin/diamond_base_desc}
"	myplugin/diamond	myplugin/wool_4	6	gold_ingot	6	1	-1	
32	102	myplugin/emerald_itemname	"{myplugin/emerald_base_desc}
"	myplugin/emerald	myplugin/wool_4	5	iron_ingot	50	1	-1	
33	102	myplugin/emerald_itemname	"{myplugin/emerald_base_desc}
"	myplugin/emerald	myplugin/wool_4	10	diamond	30	1	-1	
34	102	myplugin/gold_ingot_itemname	"{myplugin/gold_ingot_base_desc}
"	myplugin/gold_ingot	myplugin/wool_4	100	gDiamonds	4	1	-1	
35	102	myplugin/iron_ingot_itemname	"{myplugin/iron_ingot_base_desc}
"	myplugin/iron_ingot	myplugin/wool_4	100	green_currency	60	1	-1	
