{"allItem":[{"type":"block","name":"myplugin\/invisible"},{"type":"block","name":"myplugin\/stone_brick_stairs02"},{"type":"block","name":"myplugin\/stone_brick_stairs03"}],"Weapon":[{"type":"item","icon":"plugin\/myplugin\/item\/gold_sword\/gold_sword.png","name":"myplugin\/gold_sword"},{"type":"item","icon":"plugin\/myplugin\/item\/bow_standby\/bow_standby.png","name":"myplugin\/bow_standby"},{"type":"item","icon":"plugin\/myplugin\/item\/arrow\/arrow.png","name":"myplugin\/arrow"},{"type":"item","icon":"plugin\/myplugin\/item\/iron_pickaxe\/iron_pickaxe.png","name":"myplugin\/iron_pickaxe"},{"type":"item","icon":"plugin\/myplugin\/item\/blaze_rod\/blaze_rod.png","name":"myplugin\/blaze_rod"},{"type":"item","icon":"plugin\/myplugin\/item\/shear\/shear.png","name":"myplugin\/shear"},{"type":"item","icon":"plugin\/myplugin\/item\/diamond_sword\/diamond_sword.png","name":"myplugin\/diamond_sword"}],"moveBlock":[{"type":"entity","name":"myplugin\/lime_shulker_box","moveBlockSize":[1,1,1]},{"type":"entity","name":"myplugin\/green_shulker_box","moveBlockSize":[1,1,1]},{"type":"entity","name":"myplugin\/planks_jungle","moveBlockSize":[2,1,2]},{"type":"entity","name":"myplugin\/glass_0","moveBlockSize":[2,1,3]},{"type":"entity","name":"myplugin\/glass_0","moveBlockSize":[4,1,5]},{"type":"entity","name":"myplugin\/planks_birch","moveBlockSize":[3,1,3]},{"type":"entity","name":"myplugin\/planks_birch","moveBlockSize":[1,2,2]}],"equip":[{"type":"item","icon":"plugin\/myplugin\/item\/equip_leather_helmet\/leather_helmet.png","name":"myplugin\/equip_leather_helmet"},{"type":"item","icon":"plugin\/myplugin\/item\/equip_leather_chestplate\/leather_chestplate.png","name":"myplugin\/equip_leather_chestplate"},{"type":"item","icon":"plugin\/myplugin\/item\/equip_leather_leggings\/leather_leggings.png","name":"myplugin\/equip_leather_leggings"},{"type":"item","icon":"plugin\/myplugin\/item\/equip_leather_boots\/leather_boots.png","name":"myplugin\/equip_leather_boots"},{"type":"item","icon":"plugin\/myplugin\/item\/equip_clothes_silver\/clothes.png","name":"myplugin\/equip_clothes_silver"},{"type":"item","icon":"plugin\/myplugin\/item\/equip_pant_silver\/pant.png","name":"myplugin\/equip_pant_silver"},{"type":"item","icon":"plugin\/myplugin\/item\/equip_shoes_silver\/shoes.png","name":"myplugin\/equip_shoes_silver"}],"entity":[{"type":"entity","icon":"plugin\/myplugin\/entity\/zombie\/zombie.png","name":"myplugin\/zombie"},{"type":"entity","icon":"plugin\/myplugin\/entity\/skull\/skull.png","name":"myplugin\/skull"},{"type":"entity","icon":"plugin\/myplugin\/entity\/pig\/pig.png","name":"myplugin\/pig"},{"type":"entity","icon":"plugin\/myplugin\/entity\/cow\/cow.png","name":"myplugin\/cow"},{"type":"entity","icon":"plugin\/myplugin\/entity\/duck\/duck.png","name":"myplugin\/duck"},{"type":"entity","icon":"plugin\/myplugin\/entity\/hen\/hen.png","name":"myplugin\/hen"},{"type":"entity","icon":"plugin\/myplugin\/entity\/sheep\/sheep.png","name":"myplugin\/sheep"}],"item":[{"type":"entity","icon":"plugin\/myplugin\/entity\/flower\/flower.png","name":"myplugin\/flower"},{"type":"item","icon":"plugin\/myplugin\/item\/tnt\/tnt.png","name":"myplugin\/tnt"},{"type":"item","icon":"plugin\/myplugin\/item\/bridge_egg\/bridgeEgg.png","name":"myplugin\/bridge_egg"},{"type":"item","icon":"plugin\/myplugin\/item\/gold_apple\/gold_apple.png","name":"myplugin\/gold_apple"},{"type":"item","icon":"plugin\/myplugin\/item\/potion_jump\/potion_bottle_fill.png","name":"myplugin\/potion_jump"},{"type":"item","icon":"plugin\/myplugin\/item\/potion_disappear\/potion_bottle_green.png","name":"myplugin\/potion_disappear"},{"type":"item","icon":"plugin\/myplugin\/item\/flame_bomb\/fire_small.png","name":"myplugin\/flame_bomb"}],"res":[{"type":"entity","icon":"plugin\/myplugin\/entity\/resPoint\/icon.png","name":"myplugin\/resPoint"},{"type":"item","icon":"plugin\/myplugin\/item\/gold_ingot\/gold_ingot.png","name":"myplugin\/gold_ingot"},{"type":"item","icon":"plugin\/myplugin\/item\/emerald\/emerald.png","name":"myplugin\/emerald"},{"type":"item","icon":"plugin\/myplugin\/item\/diamond\/diamond_icon.png","name":"myplugin\/diamond"},{"type":"item","icon":"plugin\/myplugin\/item\/green_currency\/green_currency.png","name":"myplugin\/green_currency"},{"type":"item","icon":"plugin\/myplugin\/item\/iron_ingot\/iron_ingot.png","name":"myplugin\/iron_ingot"}],"block":[{"type":"block","name":"myplugin\/planks_oak"},{"type":"block","name":"myplugin\/reeds"},{"type":"block","name":"myplugin\/vine_002"},{"type":"block","name":"myplugin\/web"},{"type":"block","name":"myplugin\/vine_1"},{"type":"block","name":"myplugin\/stone_brick_slab_up"},{"type":"block","name":"myplugin\/stone_andesite_smooth"}],"special":[{"type":"entity","icon":"plugin\/myplugin\/entity\/endPoint\/icon.png","name":"myplugin\/endPoint"},{"type":"entity","icon":"plugin\/myplugin\/entity\/startpoint\/icon.png","name":"myplugin\/startpoint"},{"type":"entity","icon":"plugin\/myplugin\/entity\/boomBlock\/gold_sword.png","name":"myplugin\/boomBlock"},{"type":"entity","icon":"plugin\/myplugin\/entity\/transfer_point1\/icon.png","name":"myplugin\/transfer_point1"},{"type":"entity","icon":"plugin\/myplugin\/entity\/transfer_point2\/icon.png","name":"myplugin\/transfer_point2"},{"type":"block","name":"myplugin\/accelerate"},{"type":"entity","icon":"plugin\/myplugin\/entity\/wolf_fangs_1\/ladybird_enable_fly.png","name":"myplugin\/wolf_fangs_1"}]}