{
    "block": {
        "1": "myplugin/stone",
        "2": "myplugin/grass",
        "3": "myplugin/dirt",
        "4": "myplugin/cobblestone",
        "5": "myplugin/planks_oak",
        "6": "myplugin/sapling_oak",
        "7": "myplugin/bedrock",
        "8": "myplugin/flowing_water",
        "9": "myplugin/water_0",
        "10": "myplugin/flowing_lava",
        "11": "myplugin/lava",
        "12": "myplugin/sand_0",
        "13": "myplugin/gravel",
        "14": "myplugin/gold_ore",
        "15": "myplugin/iron_ore",
        "16": "myplugin/coal_ore",
        "17": "myplugin/log_oak",
        "18": "myplugin/leaves_oak",
        "19": "myplugin/sponge",
        "20": "myplugin/glass_0",
        "21": "myplugin/lapis_ore",
        "22": "myplugin/lapis_block",
        "23": "myplugin/dispenser_down",
        "24": "myplugin/sandstone",
        "25": "myplugin/noteblock",
        "26": "myplugin/white_bed_head",
        "27": "myplugin/rail_golden",
        "28": "myplugin/rail_detector",
        "29": "myplugin/sticky_piston_1",
        "30": "myplugin/web",
        "31": "myplugin/tallgrass",
        "32": "myplugin/deadbush",
        "33": "myplugin/piston",
        "34": "myplugin/piston_head",
        "35": "myplugin/wool_0",
        "36": "myplugin/invisible",
        "37": "myplugin/yellow_flower",
        "38": "myplugin/red_flower",
        "39": "myplugin/brown_mushroom",
        "40": "myplugin/red_mushroom",
        "41": "myplugin/gold_block",
        "42": "myplugin/iron_block",
        "43": "myplugin/double_stone_slab",
        "44": "myplugin/stone_slab",
        "45": "myplugin/brick_block",
        "46": "myplugin/tnt",
        "47": "myplugin/bookshelf",
        "48": "myplugin/mossy_cobblestone",
        "49": "myplugin/obsidian",
        "50": "myplugin/torch",
        "51": "myplugin/fire",
        "52": "myplugin/mob_spawner",
        "53": "myplugin/oak_stairs",
        "54": "myplugin/normal_chest",
        "55": "myplugin/redstone_wire_0",
        "56": "myplugin/diamond_ore",
        "57": "myplugin/diamond_block_0",
        "58": "myplugin/crafting_table",
        "59": "myplugin/wheat_stage_0",
        "60": "myplugin/farmland_wet",
        "61": "myplugin/furnace_north",
        "62": "myplugin/lit_furnace_north",
        "63": "myplugin/standing_sign",
        "64": "myplugin/wooden_door_lower_east",
        "65": "myplugin/ladder",
        "66": "myplugin/rail",
        "67": "myplugin/stone_stairs",
        "68": "myplugin/wall_sign",
        "69": "myplugin/lever",
        "70": "myplugin/stone_pressure_plate",
        "71": "myplugin/iron_door_upper",
        "72": "myplugin/wooden_pressure_plate",
        "73": "myplugin/redstone_ore",
        "74": "myplugin/lit_redstone_ore",
        "75": "myplugin/redstone_torch_off",
        "76": "myplugin/redstone_torch_on",
        "77": "myplugin/stone_button",
        "78": "myplugin/snow_layer",
        "79": "myplugin/ice",
        "80": "myplugin/snow_0",
        "81": "myplugin/cactus",
        "82": "myplugin/clay_0",
        "83": "myplugin/reeds",
        "84": "myplugin/jukebox",
        "85": "myplugin/fence",
        "86": "myplugin/pumpkin_face_off",
        "87": "myplugin/netherrack",
        "88": "myplugin/soul_sand",
        "89": "myplugin/glowstone",
        "90": "myplugin/portal",
        "91": "myplugin/lit_pumpkin",
        "92": "myplugin/cake",
        "93": "myplugin/repeater_off",
        "94": "myplugin/repeater_on",
        "95": "myplugin/stained_glass",
        "96": "myplugin/trapdoor",
        "97": "myplugin/monster_egg",
        "98": "myplugin/stonebrick",
        "99": "myplugin/brown_mushroom_block",
        "100": "myplugin/red_mushroom_block",
        "101": "myplugin/iron_bars",
        "102": "myplugin/glass_pane_top",
        "103": "myplugin/mrlon_block",
        "104": "myplugin/pumpkin_stem_0",
        "105": "myplugin/melon_stem_0",
        "106": "myplugin/vine",
        "107": "myplugin/fence_gate",
        "108": "myplugin/brick_stairs",
        "109": "myplugin/stone_brick_stairs",
        "110": "myplugin/mycelium",
        "111": "myplugin/waterlily",
        "112": "myplugin/nether_brick_0",
        "113": "myplugin/nether_brick_1",
        "114": "myplugin/nether_brick_stairs",
        "115": "myplugin/nether_wart_stage_0",
        "116": "myplugin/enchanting_table",
        "117": "myplugin/brewing_stand",
        "118": "myplugin/cauldron",
        "119": "myplugin/end_portal",
        "120": "myplugin/endframe",
        "121": "myplugin/end_stone",
        "122": "myplugin/dragon_egg",
        "123": "myplugin/redstone_lamp_off",
        "124": "myplugin/redstone_lamp_on",
        "125": "myplugin/double_wooden_slab",
        "126": "myplugin/wooden_slab",
        "127": "myplugin/cocoa_stage_0",
        "128": "myplugin/sandstone_stairs",
        "129": "myplugin/emerald_ore",
        "130": "myplugin/ender_chest",
        "131": "myplugin/tripwire_hook",
        "132": "myplugin/trip_wire",
        "133": "myplugin/emerald_block",
        "134": "myplugin/spruce_stairs",
        "135": "myplugin/birch_stairs",
        "136": "myplugin/jungle_stairs",
        "137": "myplugin/command_block",
        "138": "myplugin/beacon",
        "139": "myplugin/cobblestone_wall_0",
        "140": "myplugin/flower_pot",
        "141": "myplugin/carrots_stage_0",
        "142": "myplugin/potatoes_stage_0",
        "143": "myplugin/wooden_button",
        "144": "myplugin/skull",
        "145": "myplugin/anvil_0",
        "146": "myplugin/trapped_chest",
        "147": "myplugin/light_weighted_pressure_plate",
        "148": "myplugin/heavy_weighted_pressure_plate",
        "149": "myplugin/unpowered_comparator",
        "150": "myplugin/powered_comparator",
        "151": "myplugin/daylight_detector",
        "152": "myplugin/redstone_block",
        "153": "myplugin/quartz_ore",
        "154": "myplugin/hopper_outside",
        "155": "myplugin/quartz_block_0",
        "156": "myplugin/quartz_stairs_0",
        "157": "myplugin/rail_activator",
        "158": "myplugin/dropper_front_horizontal",
        "159": "myplugin/stained_hardened_clay_0",
        "160": "myplugin/stained_glass_pane",
        "161": "myplugin/leaves2",
        "162": "myplugin/log2",
        "163": "myplugin/acacia_stairs",
        "164": "myplugin/dark_oak_stairs",
        "165": "myplugin/slime",
        "166": "myplugin/barrier",
        "167": "myplugin/iron_trapdoor",
        "168": "myplugin/prismarine",
        "169": "myplugin/sea_lantern",
        "170": "myplugin/hay_block",
        "171": "myplugin/carpet_0",
        "172": "myplugin/terracotta",
        "173": "myplugin/coal_block",
        "174": "myplugin/packed_ice",
        "175": "myplugin/double_plant_sunflower_bottom",
        "176": "myplugin/white_banner",
        "177": "myplugin/wall_banner",
        "178": "myplugin/daylight_detector_inverted",
        "179": "myplugin/red_sandstone",
        "180": "myplugin/red_sandstone_stairs",
        "181": "myplugin/double_red_sandstone_slab",
        "182": "myplugin/red_sandstone_slab",
        "183": "myplugin/spruce_fence_gate",
        "184": "myplugin/birch_fence_gate",
        "185": "myplugin/jungle_fence_gate",
        "186": "myplugin/dark_oak_fence_gate",
        "187": "myplugin/acacia_fence_gate",
        "188": "myplugin/spruce_fence",
        "189": "myplugin/birch_fence",
        "190": "myplugin/jungle_fence",
        "191": "myplugin/dark_oak_fence",
        "192": "myplugin/acacia_fence",
        "193": "myplugin/spruce_door",
        "194": "myplugin/birch_door",
        "195": "myplugin/jungle_door",
        "196": "myplugin/acacia_door",
        "197": "myplugin/dark_oak_door",
        "198": "myplugin/end_rod",
        "199": "myplugin/chorus_plant",
        "200": "myplugin/chorus_flower",
        "201": "myplugin/purpur_block",
        "202": "myplugin/purpur_pillar",
        "203": "myplugin/purpur_stairs",
        "204": "myplugin/purpur_double_slab",
        "205": "myplugin/purpur_slab",
        "206": "myplugin/end_bricks",
        "207": "myplugin/beetroots_stage_0",
        "208": "myplugin/grass_path",
        "209": "myplugin/end_gateway",
        "210": "myplugin/repeating_command_block_front",
        "211": "myplugin/chain_command_block_front",
        "212": "myplugin/frosted_ice",
        "213": "myplugin/magma",
        "214": "myplugin/nether_wart_block",
        "215": "myplugin/red_nether_brick",
        "216": "myplugin/bone_block",
        "217": "myplugin/structure_void",
        "218": "myplugin/observer",
        "219": "myplugin/white_shulker_box",
        "220": "myplugin/orange_shulker_box",
        "221": "myplugin/magenta_shulker_box",
        "222": "myplugin/light_blue_shulker_box",
        "223": "myplugin/yellow_shulker_box",
        "224": "myplugin/lime_shulker_box",
        "225": "myplugin/pink_shulker_box",
        "226": "myplugin/gray_shulker_box",
        "227": "myplugin/silver_shulker_box",
        "228": "myplugin/cyan_shulker_box",
        "229": "myplugin/purple_shulker_box",
        "230": "myplugin/blue_shulker_box",
        "231": "myplugin/brown_shulker_box",
        "232": "myplugin/green_shulker_box",
        "233": "myplugin/red_shulker_box",
        "234": "myplugin/black_shulker_box",
        "235": "myplugin/white_glazed_terracotta",
        "236": "myplugin/orange_glazed_terracotta",
        "237": "myplugin/magenta_glazed_terracotta",
        "238": "myplugin/light_blue_glazed_terracotta",
        "239": "myplugin/yellow_glazed_terracotta",
        "240": "myplugin/lime_glazed_terracotta",
        "241": "myplugin/pink_glazed_terracotta",
        "242": "myplugin/gray_glazed_terracotta",
        "243": "myplugin/silver_glazed_terracotta",
        "244": "myplugin/cyan_glazed_terracotta",
        "245": "myplugin/purple_glazed_terracotta",
        "246": "myplugin/blue_glazed_terracotta",
        "247": "myplugin/brown_glazed_terracotta",
        "248": "myplugin/green_glazed_terracotta",
        "249": "myplugin/red_glazed_terracotta",
        "250": "myplugin/black_glazed_terracotta",
        "251": "myplugin/concrete_white",
        "252": "myplugin/concrete_powder_white",
        "255": "myplugin/structure_block",
        "257": "myplugin/prismarine_stairs",
        "258": "myplugin/dark_prismarine_stairs",
        "259": "myplugin/prismarine_bricks_stairs",
        "301": "myplugin/planks_spruce",
        "302": "myplugin/planks_birch",
        "303": "myplugin/planks_jungle",
        "304": "myplugin/planks_acacia",
        "305": "myplugin/planks_big_oak",
        "306": "myplugin/sapling_spruce",
        "307": "myplugin/sapling_birch",
        "308": "myplugin/sapling_jungle",
        "309": "myplugin/sapling_acacia",
        "310": "myplugin/sapling_roofed_oak",
        "311": "myplugin/log_spruce",
        "312": "myplugin/log_birch",
        "313": "myplugin/log_jungle",
        "314": "myplugin/log_acacia",
        "315": "myplugin/log_big_oak",
        "316": "myplugin/leaves_spruce",
        "317": "myplugin/leaves_birch",
        "318": "myplugin/leaves_jungle",
        "319": "myplugin/leaves_acacia",
        "320": "myplugin/leaves_big_oak",
        "321": "myplugin/leaves_oak_opaque",
        "322": "myplugin/leaves_spruce_opaque",
        "323": "myplugin/leaves_birch_opaque",
        "324": "myplugin/leaves_jungle_opaque",
        "325": "myplugin/leaves_acacia_opaque",
        "326": "myplugin/leaves_big_oak_opaque",
        "327": "myplugin/dispenser_front_vertical",
        "328": "myplugin/white_bed_feet",
        "329": "myplugin/orange_bed_head",
        "330": "myplugin/orange_bed_feet",
        "331": "myplugin/rail_golden_powered",
        "332": "myplugin/rail_detector_powered",
        "333": "myplugin/wool_1",
        "334": "myplugin/wool_2",
        "335": "myplugin/wool_3",
        "336": "myplugin/wool_4",
        "337": "myplugin/wool_5",
        "338": "myplugin/wool_6",
        "339": "myplugin/wool_7",
        "340": "myplugin/wool_8",
        "341": "myplugin/wool_9",
        "342": "myplugin/wool_10",
        "343": "myplugin/wool_11",
        "344": "myplugin/wool_12",
        "345": "myplugin/wool_13",
        "346": "myplugin/wool_14",
        "347": "myplugin/wool_15",
        "348": "myplugin/wheat_stage_1",
        "349": "myplugin/wheat_stage_2",
        "350": "myplugin/wheat_stage_3",
        "351": "myplugin/wheat_stage_4",
        "352": "myplugin/wheat_stage_5",
        "353": "myplugin/wheat_stage_6",
        "354": "myplugin/wheat_stage_7",
        "355": "myplugin/farmland_dry",
        "356": "myplugin/wood_door_upper",
        "357": "myplugin/rail_normal_turned",
        "358": "myplugin/iron_door_lower",
        "359": "myplugin/cactus_0",
        "360": "myplugin/cactus_1",
        "361": "myplugin/pumpkin_face_on",
        "362": "myplugin/nether_wart_stage_1",
        "363": "myplugin/nether_wart_stage_2",
        "364": "myplugin/brewing_stand_base",
        "365": "myplugin/cauldron_inner",
        "368": "myplugin/carrots_stage_1",
        "369": "myplugin/carrots_stage_2",
        "370": "myplugin/carrots_stage_3",
        "371": "myplugin/potatoes_stage_1",
        "372": "myplugin/potatoes_stage_2",
        "373": "myplugin/potatoes_stage_3",
        "376": "myplugin/hopper_inside",
        "378": "myplugin/quartz_stairs_2",
        "379": "myplugin/dropper_front_vertical",
        "381": "myplugin/stained_hardened_clay_2",
        "382": "myplugin/stained_hardened_clay_3",
        "383": "myplugin/stained_hardened_clay_4",
        "384": "myplugin/stained_hardened_clay_5",
        "385": "myplugin/stained_hardened_clay_6",
        "386": "myplugin/stained_hardened_clay_7",
        "387": "myplugin/stained_hardened_clay_8",
        "388": "myplugin/stained_hardened_clay_9",
        "390": "myplugin/stained_hardened_clay_11",
        "392": "myplugin/stained_hardened_clay_13",
        "393": "myplugin/stained_hardened_clay_14",
        "394": "myplugin/stained_hardened_clay_15",
        "395": "myplugin/carpet_1",
        "396": "myplugin/carpet_2",
        "397": "myplugin/carpet_3",
        "398": "myplugin/carpet_4",
        "399": "myplugin/carpet_5",
        "400": "myplugin/carpet_6",
        "401": "myplugin/carpet_7",
        "402": "myplugin/carpet_8",
        "403": "myplugin/carpet_9",
        "404": "myplugin/carpet_10",
        "405": "myplugin/carpet_11",
        "406": "myplugin/carpet_12",
        "407": "myplugin/carpet_13",
        "408": "myplugin/carpet_14",
        "409": "myplugin/carpet_15",
        "410": "myplugin/double_plant_sunflower_front",
        "411": "myplugin/double_plant_sunflower_back",
        "412": "myplugin/double_plant_sunflower_top",
        "413": "myplugin/double_plant_syringa_bottom",
        "414": "myplugin/double_plant_syringa_top",
        "415": "myplugin/double_plant_rose_bottom",
        "416": "myplugin/double_plant_rose_top",
        "417": "myplugin/double_plant_paeonia_bottom",
        "418": "myplugin/double_plant_paeonia_top",
        "419": "myplugin/double_plant_grass_bottom",
        "420": "myplugin/double_plant_grass_top",
        "421": "myplugin/double_plant_fern_bottom",
        "422": "myplugin/double_plant_fern_top",
        "423": "myplugin/beetroots_stage_1",
        "424": "myplugin/beetroots_stage_2",
        "425": "myplugin/beetroots_stage_3",
        "426": "myplugin/piston_extension",
        "427": "myplugin/caltrop",
        "428": "myplugin/water_1",
        "429": "myplugin/water_2",
        "430": "myplugin/water_8",
        "431": "myplugin/water_9",
        "432": "myplugin/sticky_piston_2",
        "433": "myplugin/quartz_stairs_1",
        "434": "myplugin/quartz_stairs_3",
        "435": "myplugin/redstone_wire_level0",
        "438": "myplugin/cobblestone_wall_1",
        "439": "myplugin/base_block",
        "440": "myplugin/smooth_quartz_stairs",
        "441": "myplugin/luck_block",
        "442": "myplugin/newfurnace",
        "444": "myplugin/acacia_stairs01",
        "445": "myplugin/acacia_stairs02",
        "446": "myplugin/acacia_stairs03",
        "447": "myplugin/acacia_stairs04",
        "448": "myplugin/acacia_stairs05",
        "449": "myplugin/acacia_stairs06",
        "450": "myplugin/acacia_stairs07",
        "451": "myplugin/acacia_stairs08",
        "452": "myplugin/acacia_stairs09",
        "453": "myplugin/acacia_stairs10",
        "454": "myplugin/acacia_stairs11",
        "455": "myplugin/brick_stairs01",
        "456": "myplugin/brick_stairs02",
        "457": "myplugin/brick_stairs03",
        "458": "myplugin/brick_stairs04",
        "459": "myplugin/brick_stairs05",
        "460": "myplugin/brick_stairs06",
        "461": "myplugin/brick_stairs07",
        "462": "myplugin/brick_stairs08",
        "463": "myplugin/brick_stairs09",
        "464": "myplugin/brick_stairs10",
        "465": "myplugin/brick_stairs11",
        "466": "myplugin/birch_stairs01",
        "467": "myplugin/birch_stairs02",
        "468": "myplugin/birch_stairs03",
        "469": "myplugin/birch_stairs04",
        "470": "myplugin/birch_stairs05",
        "471": "myplugin/birch_stairs06",
        "472": "myplugin/birch_stairs07",
        "473": "myplugin/birch_stairs08",
        "474": "myplugin/birch_stairs09",
        "475": "myplugin/birch_stairs10",
        "476": "myplugin/birch_stairs11",
        "477": "myplugin/dark_oak_stairs01",
        "478": "myplugin/dark_oak_stairs02",
        "479": "myplugin/dark_oak_stairs03",
        "480": "myplugin/dark_oak_stairs04",
        "481": "myplugin/dark_oak_stairs05",
        "482": "myplugin/dark_oak_stairs06",
        "483": "myplugin/dark_oak_stairs07",
        "484": "myplugin/dark_oak_stairs08",
        "485": "myplugin/dark_oak_stairs09",
        "486": "myplugin/dark_oak_stairs10",
        "487": "myplugin/dark_oak_stairs11",
        "488": "myplugin/jungle_stairs01",
        "489": "myplugin/jungle_stairs02",
        "490": "myplugin/jungle_stairs03",
        "491": "myplugin/jungle_stairs04",
        "492": "myplugin/jungle_stairs05",
        "493": "myplugin/jungle_stairs06",
        "494": "myplugin/jungle_stairs07",
        "495": "myplugin/jungle_stairs08",
        "496": "myplugin/jungle_stairs09",
        "497": "myplugin/jungle_stairs10",
        "498": "myplugin/jungle_stairs11",
        "499": "myplugin/oak_stairs01",
        "500": "myplugin/oak_stairs02",
        "501": "myplugin/oak_stairs03",
        "502": "myplugin/oak_stairs04",
        "503": "myplugin/oak_stairs05",
        "504": "myplugin/oak_stairs06",
        "505": "myplugin/oak_stairs07",
        "506": "myplugin/oak_stairs08",
        "507": "myplugin/oak_stairs09",
        "508": "myplugin/oak_stairs10",
        "509": "myplugin/oak_stairs11",
        "510": "myplugin/spruce_stairs01",
        "511": "myplugin/spruce_stairs02",
        "512": "myplugin/spruce_stairs03",
        "513": "myplugin/spruce_stairs04",
        "514": "myplugin/spruce_stairs05",
        "515": "myplugin/spruce_stairs06",
        "516": "myplugin/spruce_stairs07",
        "517": "myplugin/spruce_stairs08",
        "518": "myplugin/spruce_stairs09",
        "519": "myplugin/spruce_stairs10",
        "520": "myplugin/spruce_stairs11",
        "521": "myplugin/stone_stairs01",
        "522": "myplugin/stone_stairs02",
        "523": "myplugin/stone_stairs03",
        "524": "myplugin/stone_stairs04",
        "525": "myplugin/stone_stairs05",
        "526": "myplugin/stone_stairs06",
        "527": "myplugin/stone_stairs07",
        "528": "myplugin/stone_stairs08",
        "529": "myplugin/stone_stairs09",
        "530": "myplugin/stone_stairs10",
        "531": "myplugin/stone_stairs11",
        "532": "myplugin/stone_brick_stairs01",
        "533": "myplugin/stone_brick_stairs02",
        "534": "myplugin/stone_brick_stairs03",
        "535": "myplugin/stone_brick_stairs04",
        "536": "myplugin/stone_brick_stairs05",
        "537": "myplugin/stone_brick_stairs06",
        "538": "myplugin/stone_brick_stairs07",
        "539": "myplugin/stone_brick_stairs08",
        "540": "myplugin/stone_brick_stairs09",
        "541": "myplugin/stone_brick_stairs10",
        "542": "myplugin/stone_brick_stairs11",
        "543": "myplugin/brick_slab",
        "544": "myplugin/stone_brick_slab",
        "545": "myplugin/spruce_wood_slab",
        "546": "myplugin/birch_wood_slab",
        "547": "myplugin/jungle_wood_slab",
        "548": "myplugin/acacia_wood_slab",
        "549": "myplugin/dark_oak_wood_slab",
        "550": "myplugin/cobblestone_mossy_wall",
        "551": "myplugin/blue_orchid",
        "552": "myplugin/allium",
        "553": "myplugin/azure_bluet",
        "554": "myplugin/oxeye_daisy",
        "555": "myplugin/stone_granite",
        "556": "myplugin/stone_granite_smooth",
        "557": "myplugin/stone_diorite",
        "558": "myplugin/stone_diorite_smooth",
        "559": "myplugin/stone_andesite",
        "560": "myplugin/stone_andesite_smooth1",
        "561": "myplugin/coarse_dirt",
        "562": "myplugin/red_sand",
        "563": "myplugin/wet_sponge",
        "564": "myplugin/flower_tulip_red",
        "565": "myplugin/flower_tulip_orange",
        "566": "myplugin/flower_tulip_white",
        "567": "myplugin/flower_tulip_pink",
        "568": "myplugin/glass_orange",
        "569": "myplugin/glass_magenta",
        "570": "myplugin/glass_light_blue",
        "571": "myplugin/glass_yellow",
        "572": "myplugin/glass_lime",
        "573": "myplugin/glass_pink",
        "574": "myplugin/glass_gray",
        "575": "myplugin/glass_light_gray",
        "576": "myplugin/glass_cyan",
        "577": "myplugin/glass_purple",
        "578": "myplugin/glass_blue",
        "579": "myplugin/glass_brown",
        "580": "myplugin/glass_green",
        "581": "myplugin/glass_red",
        "582": "myplugin/glass_black",
        "583": "myplugin/glass_pane_top_orange",
        "584": "myplugin/glass_pane_top_magenta",
        "585": "myplugin/glass_pane_top_light_blue",
        "586": "myplugin/glass_pane_top_yellow",
        "587": "myplugin/glass_pane_top_lime",
        "588": "myplugin/glass_pane_top_pink",
        "589": "myplugin/glass_pane_top_gray",
        "590": "myplugin/glass_pane_top_lightgray",
        "591": "myplugin/glass_pane_top_cyan",
        "592": "myplugin/glass_pane_top_purple",
        "593": "myplugin/glass_pane_top_blue",
        "594": "myplugin/glass_pane_top_brown",
        "595": "myplugin/glass_pane_top_green",
        "596": "myplugin/glass_pane_top_red",
        "597": "myplugin/glass_pane_top_black",
        "598": "myplugin/concrete_orange",
        "599": "myplugin/concrete_magenta",
        "600": "myplugin/concrete_light_blue",
        "601": "myplugin/concrete_yellow",
        "602": "myplugin/concrete_lime",
        "603": "myplugin/concrete_pink",
        "604": "myplugin/concrete_gray",
        "605": "myplugin/concrete_lightgray",
        "606": "myplugin/concrete_cyan",
        "607": "myplugin/concrete_purple",
        "608": "myplugin/concrete_blue",
        "609": "myplugin/concrete_brown",
        "610": "myplugin/concrete_green",
        "611": "myplugin/concrete_red",
        "612": "myplugin/concrete_black",
        "613": "myplugin/concrete_powder_orange",
        "614": "myplugin/concrete_powder_magenta",
        "615": "myplugin/concrete_powder_light_blue",
        "616": "myplugin/concrete_powder_yellow",
        "617": "myplugin/concrete_powder_lime",
        "618": "myplugin/concrete_powder_pink",
        "619": "myplugin/concrete_powder_gray",
        "620": "myplugin/concrete_powder_lightgray",
        "621": "myplugin/concrete_powder_cyan",
        "622": "myplugin/concrete_powder_purple",
        "623": "myplugin/concrete_powder_blue",
        "624": "myplugin/concrete_powder_brown",
        "625": "myplugin/concrete_powder_green",
        "626": "myplugin/concrete_powder_red",
        "627": "myplugin/concrete_powder_black",
        "628": "myplugin/magenta_bed_head",
        "629": "myplugin/magenta_bed_feet",
        "630": "myplugin/light_blue_bed_head",
        "631": "myplugin/light_blue_bed_feet",
        "632": "myplugin/yellow_bed_head",
        "633": "myplugin/yellow_bed_feet",
        "634": "myplugin/lime_bed_head",
        "635": "myplugin/lime_bed_feet",
        "636": "myplugin/pink_bed_head",
        "637": "myplugin/pink_bed_feet",
        "638": "myplugin/gray_bed_head",
        "639": "myplugin/gray_bed_feet",
        "640": "myplugin/light_gray_bed_head",
        "641": "myplugin/light_gray_bed_feet",
        "642": "myplugin/cyan_bed_head",
        "643": "myplugin/cyan_bed_feet",
        "644": "myplugin/purple_bed_head",
        "645": "myplugin/purple_bed_feet",
        "646": "myplugin/blue_bed_head",
        "647": "myplugin/blue_bed_feet",
        "648": "myplugin/brown_bed_head",
        "649": "myplugin/brown_bed_feet",
        "650": "myplugin/green_bed_head",
        "651": "myplugin/green_bed_feet",
        "652": "myplugin/red_bed_head",
        "653": "myplugin/red_bed_feet",
        "654": "myplugin/black_bed_head",
        "655": "myplugin/black_bed_feet",
        "656": "myplugin/orange_banner",
        "657": "myplugin/magenta_banner",
        "658": "myplugin/light_blue_banner",
        "659": "myplugin/yellow_banner",
        "660": "myplugin/lime_banner",
        "661": "myplugin/pink_banner",
        "662": "myplugin/gray_banner",
        "663": "myplugin/light_gray_banner",
        "664": "myplugin/cyan_banner",
        "665": "myplugin/purple_banner",
        "666": "myplugin/blue_banner",
        "667": "myplugin/green_banner",
        "668": "myplugin/red_banner",
        "669": "myplugin/black_banner",
        "670": "myplugin/strawb_erry_stage_1",
        "671": "myplugin/strawb_erry_stage_2",
        "672": "myplugin/strawb_erry_stage_3",
        "673": "myplugin/strawb_erry_stage_4",
        "674": "myplugin/strawb_erry_stage_5",
        "675": "myplugin/sugar_cane_stage_0",
        "676": "myplugin/sugar_cane_stage_1",
        "677": "myplugin/sugar_cane_stage_2",
        "678": "myplugin/sugar_cane_stage_3",
        "679": "myplugin/sugar_cane_stage_4",
        "680": "myplugin/sugar_cane_stage_5",
        "681": "myplugin/tomato_stage_0",
        "682": "myplugin/tomato_stage_1",
        "683": "myplugin/tomato_stage_2",
        "684": "myplugin/tomato_stage_3",
        "685": "myplugin/tomato_stage_4",
        "686": "myplugin/tomato_stage_5",
        "687": "myplugin/cotton_stage_0",
        "688": "myplugin/cotton_stage_1",
        "689": "myplugin/cotton_stage_2",
        "690": "myplugin/cotton_stage_3",
        "691": "myplugin/cotton_stage_4",
        "692": "myplugin/cotton_stage_5",
        "693": "myplugin/darkdoorfull",
        "694": "myplugin/defenceTower",
        "695": "myplugin/defenceWall",
        "696": "myplugin/flower_paeonia",
        "697": "myplugin/new_wheat_stage_2",
        "698": "myplugin/new_wheat_stage_3",
        "699": "myplugin/new_wheat_stage_4",
        "700": "myplugin/new_wheat_stage_5",
        "701": "myplugin/fruits_01",
        "702": "myplugin/fruits_02",
        "703": "myplugin/fruits_03",
        "704": "myplugin/fruits_04",
        "705": "myplugin/fruits_05",
        "706": "myplugin/fruits_06",
        "707": "myplugin/fruits_07",
        "708": "myplugin/fruits_08",
        "709": "myplugin/fruits_09",
        "710": "myplugin/fruits_10",
        "711": "myplugin/fruits_11",
        "712": "myplugin/fruits_12",
        "713": "myplugin/glass_purple-1",
        "714": "myplugin/glass_silver",
        "715": "myplugin/glass_silver-1",
        "716": "myplugin/new_carrots_stage_0",
        "717": "myplugin/new_carrots_stage_1",
        "718": "myplugin/new_carrots_stage_2",
        "719": "myplugin/new_carrots_stage_3",
        "720": "myplugin/new_carrots_stage_4",
        "721": "myplugin/new_carrots_stage_5",
        "722": "myplugin/new_cocoa_beans_stage_0",
        "723": "myplugin/new_cocoa_beans_stage_1",
        "724": "myplugin/new_cocoa_beans_stage_2",
        "725": "myplugin/new_cocoa_beans_stage_3",
        "726": "myplugin/new_cocoa_beans_stage_4",
        "727": "myplugin/new_cocoa_beans_stage_5",
        "728": "myplugin/new_iron_door_lower",
        "729": "myplugin/new_iron_door_upper",
        "730": "myplugin/new_potatoes_stage_0",
        "731": "myplugin/new_potatoes_stage_1",
        "732": "myplugin/new_potatoes_stage_2",
        "733": "myplugin/new_potatoes_stage_3",
        "734": "myplugin/new_potatoes_stage_4",
        "735": "myplugin/new_potatoes_stage_5",
        "736": "myplugin/pine_stage_0",
        "737": "myplugin/pine_stage_1",
        "738": "myplugin/pine_stage_2",
        "739": "myplugin/pine_stage_3",
        "740": "myplugin/pine_stage_4",
        "741": "myplugin/pine_stage_5",
        "742": "myplugin/rubber_wood_stage_0",
        "743": "myplugin/rubber_wood_stage_1",
        "744": "myplugin/rubber_wood_stage_2",
        "745": "myplugin/rubber_wood_stage_3",
        "746": "myplugin/rubber_wood_stage_4",
        "747": "myplugin/rubber_wood_stage_5",
        "748": "myplugin/seeds_cabbage_stage_0",
        "749": "myplugin/seeds_cabbage_stage_1",
        "750": "myplugin/seeds_cabbage_stage_2",
        "751": "myplugin/seeds_cabbage_stage_3",
        "752": "myplugin/seeds_cabbage_stage_4",
        "753": "myplugin/seeds_cabbage_stage_5",
        "754": "myplugin/seeds_carrot_stage_0",
        "755": "myplugin/seeds_carrot_stage_1",
        "756": "myplugin/seeds_carrot_stage_2",
        "757": "myplugin/seeds_carrot_stage_3",
        "758": "myplugin/seeds_carrot_stage_4",
        "759": "myplugin/seeds_carrot_stage_5",
        "760": "myplugin/seeds_pea_stage_0",
        "761": "myplugin/seeds_pea_stage_1",
        "762": "myplugin/seeds_pea_stage_2",
        "763": "myplugin/seeds_pea_stage_3",
        "764": "myplugin/seeds_pea_stage_4",
        "765": "myplugin/seeds_pea_stage_5",
        "766": "myplugin/corn_stage_0",
        "767": "myplugin/corn_stage_1",
        "768": "myplugin/corn_stage_2",
        "769": "myplugin/corn_stage_3",
        "770": "myplugin/corn_stage_4",
        "771": "myplugin/corn_stage_5",
        "772": "myplugin/new_wheat_stage_0",
        "773": "myplugin/new_wheat_stage_1",
        "774": "myplugin/concrete_silver",
        "775": "myplugin/concrete_powder_silver",
        "776": "myplugin/glass_pane_top_silver",
        "777": "myplugin/glass_pane_top_white",
        "778": "myplugin/transparency",
        "779": "myplugin/seeds_tomato_stage_0",
        "780": "myplugin/seeds_tomato_stage_1",
        "781": "myplugin/seeds_tomato_stage_2",
        "782": "myplugin/seeds_tomato_stage_3",
        "783": "myplugin/seeds_tomato_stage_4",
        "784": "myplugin/seeds_tomato_stage_5",
        "785": "myplugin/silk_stage_0",
        "786": "myplugin/silk_stage_1",
        "787": "myplugin/silk_stage_2",
        "788": "myplugin/silk_stage_3",
        "789": "myplugin/silk_stage_4",
        "790": "myplugin/silk_stage_5",
        "791": "myplugin/strawb_erry_stage_0",
        "792": "myplugin/normal_stone_stairs",
        "793": "myplugin/granite_stairs",
        "794": "myplugin/polished_granite_stairs",
        "795": "myplugin/diorite_stairs",
        "796": "myplugin/polished_diorite_stairs",
        "797": "myplugin/andesite_stairs",
        "798": "myplugin/polished_andesite_stairs",
        "799": "myplugin/red_nether_brick_stairs",
        "800": "myplugin/end_brick_stairs",
        "801": "myplugin/mossy_stone_brick_stairs",
        "802": "myplugin/mossy_cobblestone_stairs",
        "803": "myplugin/smooth_sandstone_stairs",
        "804": "myplugin/smooth_red_sandstone_stairs",
        "805": "myplugin/cobblestone_slab",
        "806": "myplugin/nether_brick_slab",
        "807": "myplugin/quartz_slab",
        "808": "myplugin/smooth_stone_slab",
        "809": "myplugin/petrified_oak_slab",
        "810": "myplugin/oak_slab",
        "811": "myplugin/spruce_slab",
        "812": "myplugin/birch_slab",
        "813": "myplugin/jungle_slab",
        "814": "myplugin/acacia_slab",
        "815": "myplugin/dark_oak_slab",
        "816": "myplugin/prismarine_slab",
        "817": "myplugin/prismarine_brick_slab",
        "818": "myplugin/dark_prismarine_slab",
        "819": "myplugin/granite_slab",
        "820": "myplugin/polished_granite_slab",
        "821": "myplugin/diorite_slab",
        "822": "myplugin/polished_diorite_slab",
        "823": "myplugin/andesite_slab",
        "825": "myplugin/polished_andesite_slab",
        "826": "myplugin/red_nether_brick_slab",
        "827": "myplugin/end_stone_brick_slab",
        "828": "myplugin/mossy_stone_brick_slab",
        "829": "myplugin/mossy_cobblestone_slab",
        "830": "myplugin/smooth_sandstone_slab",
        "831": "myplugin/smooth_red_sandstone_slab",
        "832": "myplugin/smooth_quartz_slab",
        "833": "myplugin/sandstone_slab",
        "834": "myplugin/double_stone_slab2",
        "835": "myplugin/podzol_dirt",
        "836": "myplugin/sandstone_smooth",
        "837": "myplugin/sandstone_carved",
        "838": "myplugin/double_sandstone_slab",
        "839": "myplugin/double_oak_wood_slab",
        "840": "myplugin/double_cobblestone_slab",
        "841": "myplugin/double_brick_slab",
        "842": "myplugin/double_stonebrick_slab",
        "843": "myplugin/double_netherbrick_slab",
        "844": "myplugin/double_quartz_slab",
        "845": "myplugin/double_stone_slab_seamless",
        "846": "myplugin/double_sandstone_slab_seamless",
        "847": "myplugin/double_oak_wood_slab_seamless",
        "848": "myplugin/double_cobblestone_slab_seamless",
        "849": "myplugin/double_brick_slab_seamless",
        "850": "myplugin/double_stonebrick_slab_seamless",
        "851": "myplugin/double_netherbrick_slab_seamless",
        "852": "myplugin/double_quartz_slab_seamless",
        "853": "myplugin/log_oak_x",
        "854": "myplugin/log_spruce_x",
        "855": "myplugin/log_birch_x",
        "856": "myplugin/log_jungle_x",
        "857": "myplugin/log_oak_z",
        "858": "myplugin/log_spruce_z",
        "859": "myplugin/log_birch_z",
        "860": "myplugin/log_jungle_z",
        "861": "myplugin/log_oak_full",
        "862": "myplugin/log_spruce_full",
        "863": "myplugin/log_birch_full",
        "864": "myplugin/log_jungle_full",
        "865": "myplugin/dispenser_up",
        "866": "myplugin/dispenser_north",
        "867": "myplugin/dispenser_south",
        "868": "myplugin/dispenser_west",
        "869": "myplugin/dispenser_east",
        "870": "myplugin/dispenser_down_triggered",
        "871": "myplugin/dispenser_up_triggered",
        "872": "myplugin/dispenser_north_triggered",
        "873": "myplugin/dispenser_south_triggered",
        "874": "myplugin/dispenser_west_triggered",
        "875": "myplugin/dispenser_east_triggered",
        "876": "myplugin/fern",
        "877": "myplugin/stone_slab_up",
        "878": "myplugin/sandstone_slab_up",
        "879": "myplugin/oak_slab_up",
        "880": "myplugin/cobblestone_slab_up",
        "881": "myplugin/brick_slab_up",
        "882": "myplugin/stone_brick_slab_up",
        "883": "myplugin/nether_brick_slab_up",
        "884": "myplugin/quartz_slab_up",
        "885": "myplugin/torch_east",
        "886": "myplugin/torch_west",
        "887": "myplugin/torch_south",
        "888": "myplugin/torch_north",
        "889": "myplugin/leaves_oak_nodecay",
        "890": "myplugin/leaves_spruce_nodecay",
        "891": "myplugin/leaves_birch_nodecay",
        "892": "myplugin/leaves_jungle_nodecay",
        "893": "myplugin/rail_golden_z",
        "894": "myplugin/rail_golden_up_east",
        "895": "myplugin/rail_golden_up_west",
        "896": "myplugin/rail_golden_up_north",
        "897": "myplugin/rail_golden_up_south",
        "898": "myplugin/rail_golden_powered_z",
        "899": "myplugin/rail_golden_powered_up_east",
        "900": "myplugin/rail_golden_powered_up_west",
        "901": "myplugin/rail_golden_powered_up_north",
        "902": "myplugin/rail_golden_powered_up_south",
        "903": "myplugin/rail_detector_z",
        "904": "myplugin/rail_detector_up_east",
        "905": "myplugin/rail_detector_up_west",
        "906": "myplugin/rail_detector_up_north",
        "907": "myplugin/rail_detector_up_south",
        "908": "myplugin/rail_detector_powered_z",
        "909": "myplugin/rail_detector_powered_up_east",
        "910": "myplugin/rail_detector_powered_up_west",
        "911": "myplugin/rail_detector_powered_up_north",
        "912": "myplugin/rail_detector_powered_up_south",
        "913": "myplugin/redstone_wire_level1",
        "914": "myplugin/redstone_wire_level2",
        "915": "myplugin/redstone_wire_level3",
        "916": "myplugin/redstone_wire_level4",
        "917": "myplugin/redstone_wire_level5",
        "918": "myplugin/redstone_wire_level6",
        "919": "myplugin/redstone_wire_level7",
        "920": "myplugin/redstone_wire_level8",
        "921": "myplugin/redstone_wire_level9",
        "922": "myplugin/redstone_wire_level10",
        "923": "myplugin/redstone_wire_level11",
        "924": "myplugin/redstone_wire_level12",
        "925": "myplugin/redstone_wire_level13",
        "926": "myplugin/redstone_wire_level14",
        "927": "myplugin/redstone_wire_level15",
        "928": "myplugin/furnace_south",
        "929": "myplugin/furnace_west",
        "930": "myplugin/furnace_east",
        "931": "myplugin/lit_furnace_south",
        "932": "myplugin/lit_furnace_west",
        "933": "myplugin/lit_furnace_east",
        "934": "myplugin/wooden_door_lower_south",
        "935": "myplugin/wooden_door_lower_west",
        "936": "myplugin/wooden_door_lower_north",
        "937": "myplugin/wooden_door_lower_east_opened",
        "938": "myplugin/wooden_door_lower_south_opened",
        "939": "myplugin/wooden_door_lower_west_opened",
        "940": "myplugin/wooden_door_lower_north_opened",
        "941": "myplugin/wood_door_upper_9",
        "942": "myplugin/wood_door_upper_10",
        "943": "myplugin/wood_door_upper_11",
        "944": "myplugin/ladder_3",
        "945": "myplugin/ladder_4",
        "946": "myplugin/ladder_5",
        "947": "myplugin/rail_1",
        "948": "myplugin/rail_2",
        "949": "myplugin/rail_3",
        "950": "myplugin/rail_4",
        "951": "myplugin/rail_5",
        "952": "myplugin/rail_normal_turned_7",
        "953": "myplugin/rail_normal_turned_8",
        "954": "myplugin/rail_normal_turned_9",
        "955": "myplugin/wall_sign_3",
        "956": "myplugin/wall_sign_4",
        "957": "myplugin/wall_sign_5",
        "958": "myplugin/lever_1",
        "959": "myplugin/lever_2",
        "960": "myplugin/lever_3",
        "961": "myplugin/lever_4",
        "962": "myplugin/lever_5",
        "963": "myplugin/lever_6",
        "964": "myplugin/lever_7",
        "965": "myplugin/lever_8",
        "966": "myplugin/lever_9",
        "967": "myplugin/lever_10",
        "968": "myplugin/lever_11",
        "969": "myplugin/lever_12",
        "970": "myplugin/lever_13",
        "971": "myplugin/lever_14",
        "972": "myplugin/lever_15",
        "973": "myplugin/stone_pressure_plate_1",
        "974": "myplugin/iron_door_upper_1",
        "975": "myplugin/iron_door_upper_2",
        "976": "myplugin/iron_door_upper_3",
        "977": "myplugin/iron_door_upper_4",
        "978": "myplugin/iron_door_upper_5",
        "979": "myplugin/iron_door_upper_6",
        "980": "myplugin/iron_door_upper_7",
        "981": "myplugin/iron_door_upper_8",
        "982": "myplugin/iron_door_upper_9",
        "983": "myplugin/iron_door_upper_10",
        "984": "myplugin/iron_door_upper_11",
        "985": "myplugin/wooden_pressure_plate_1",
        "986": "myplugin/redstone_torch_off_1",
        "987": "myplugin/redstone_torch_off_2",
        "988": "myplugin/redstone_torch_off_3",
        "989": "myplugin/redstone_torch_off_4",
        "990": "myplugin/redstone_torch_off_5",
        "991": "myplugin/redstone_torch_on_1",
        "992": "myplugin/redstone_torch_on_2",
        "993": "myplugin/redstone_torch_on_3",
        "994": "myplugin/redstone_torch_on_4",
        "995": "myplugin/redstone_torch_on_5",
        "996": "myplugin/stone_button_1",
        "997": "myplugin/stone_button_2",
        "998": "myplugin/stone_button_3",
        "999": "myplugin/stone_button_4",
        "1000": "myplugin/stone_button_5",
        "1001": "myplugin/stone_button_8",
        "1002": "myplugin/stone_button_9",
        "1003": "myplugin/stone_button_10",
        "1004": "myplugin/stone_button_11",
        "1005": "myplugin/stone_button_12",
        "1006": "myplugin/stone_button_13",
        "1007": "myplugin/snow_layer_1",
        "1008": "myplugin/snow_layer_2",
        "1009": "myplugin/snow_layer_3",
        "1010": "myplugin/snow_layer_4",
        "1011": "myplugin/snow_layer_5",
        "1012": "myplugin/snow_layer_6",
        "1013": "myplugin/snow_layer_7",
        "1014": "myplugin/pumpkin_face_off_1",
        "1015": "myplugin/pumpkin_face_off_2",
        "1016": "myplugin/pumpkin_face_off_3",
        "1017": "myplugin/lit_pumpkin_1",
        "1018": "myplugin/lit_pumpkin_2",
        "1019": "myplugin/lit_pumpkin_3",
        "1020": "myplugin/cake_1",
        "1021": "myplugin/cake_2",
        "1022": "myplugin/cake_3",
        "1023": "myplugin/cake_4",
        "1024": "myplugin/cake_5",
        "1025": "myplugin/cake_6",
        "1026": "myplugin/repeater_off_1",
        "1027": "myplugin/repeater_off_2",
        "1028": "myplugin/repeater_off_3",
        "1029": "myplugin/repeater_on_1",
        "1030": "myplugin/repeater_on_2",
        "1031": "myplugin/repeater_on_3",
        "1032": "myplugin/trapdoor_1",
        "1033": "myplugin/trapdoor_2",
        "1034": "myplugin/trapdoor_3",
        "1035": "myplugin/trapdoor_4",
        "1036": "myplugin/trapdoor_5",
        "1037": "myplugin/trapdoor_6",
        "1038": "myplugin/trapdoor_7",
        "1039": "myplugin/trapdoor_8",
        "1040": "myplugin/trapdoor_9",
        "1041": "myplugin/trapdoor_10",
        "1042": "myplugin/trapdoor_11",
        "1043": "myplugin/trapdoor_12",
        "1044": "myplugin/trapdoor_13",
        "1045": "myplugin/trapdoor_14",
        "1046": "myplugin/trapdoor_15",
        "1047": "myplugin/monster_egg_1",
        "1048": "myplugin/monster_egg_2",
        "1049": "myplugin/monster_egg_3",
        "1050": "myplugin/monster_egg_4",
        "1051": "myplugin/monster_egg_5",
        "1052": "myplugin/stonebrick_1",
        "1053": "myplugin/stonebrick_2",
        "1054": "myplugin/stonebrick_3",
        "1055": "myplugin/pumpkin_stem_1",
        "1056": "myplugin/pumpkin_stem_2",
        "1057": "myplugin/pumpkin_stem_3",
        "1058": "myplugin/pumpkin_stem_4",
        "1059": "myplugin/pumpkin_stem_5",
        "1060": "myplugin/pumpkin_stem_6",
        "1061": "myplugin/pumpkin_stem_7",
        "1062": "myplugin/melon_stem_1",
        "1063": "myplugin/melon_stem_2",
        "1064": "myplugin/melon_stem_3",
        "1065": "myplugin/melon_stem_4",
        "1066": "myplugin/melon_stem_5",
        "1067": "myplugin/melon_stem_6",
        "1068": "myplugin/melon_stem_7",
        "1069": "myplugin/vine_1",
        "1070": "myplugin/vine_2",
        "1071": "myplugin/vine_3",
        "1072": "myplugin/vine_4",
        "1073": "myplugin/vine_5",
        "1074": "myplugin/vine_6",
        "1075": "myplugin/vine_9",
        "1076": "myplugin/vine_10",
        "1077": "myplugin/vine_11",
        "1078": "myplugin/vine_12",
        "1079": "myplugin/vine_13",
        "1080": "myplugin/vine_14",
        "1081": "myplugin/vine_15",
        "1082": "myplugin/fence_gate_1",
        "1083": "myplugin/fence_gate_2",
        "1084": "myplugin/fence_gate_3",
        "1085": "myplugin/fence_gate_4",
        "1086": "myplugin/fence_gate_5",
        "1087": "myplugin/fence_gate_6",
        "1088": "myplugin/fence_gate_7",
        "1089": "myplugin/fence_gate_8",
        "1090": "myplugin/fence_gate_9",
        "1091": "myplugin/fence_gate_10",
        "1092": "myplugin/fence_gate_11",
        "1093": "myplugin/fence_gate_12",
        "1094": "myplugin/fence_gate_13",
        "1095": "myplugin/fence_gate_14",
        "1096": "myplugin/fence_gate_15",
        "1097": "myplugin/nether_brick_stairs_1",
        "1098": "myplugin/nether_brick_stairs_2",
        "1099": "myplugin/nether_brick_stairs_3",
        "1100": "myplugin/nether_brick_stairs_4",
        "1101": "myplugin/nether_brick_stairs_5",
        "1102": "myplugin/nether_brick_stairs_6",
        "1103": "myplugin/nether_brick_stairs_7",
        "1104": "myplugin/cauldron_1",
        "1105": "myplugin/cauldron_2",
        "1106": "myplugin/cauldron_3",
        "1107": "myplugin/endframe_1",
        "1108": "myplugin/endframe_2",
        "1109": "myplugin/endframe_3",
        "1110": "myplugin/endframe_4",
        "1111": "myplugin/endframe_5",
        "1112": "myplugin/endframe_6",
        "1113": "myplugin/endframe_7",
        "1114": "myplugin/double_wooden_slab_1",
        "1115": "myplugin/double_wooden_slab_2",
        "1116": "myplugin/double_wooden_slab_3",
        "1117": "myplugin/double_wooden_slab_4",
        "1118": "myplugin/double_wooden_slab_5",
        "1119": "myplugin/wooden_slab_8",
        "1120": "myplugin/wooden_slab_9",
        "1121": "myplugin/wooden_slab_10",
        "1122": "myplugin/wooden_slab_11",
        "1123": "myplugin/wooden_slab_12",
        "1124": "myplugin/wooden_slab_13",
        "1125": "myplugin/cocoa_stage_1",
        "1126": "myplugin/cocoa_stage_2",
        "1127": "myplugin/cocoa_stage_3",
        "1128": "myplugin/cocoa_stage_4",
        "1129": "myplugin/cocoa_stage_5",
        "1130": "myplugin/cocoa_stage_6",
        "1131": "myplugin/cocoa_stage_7",
        "1132": "myplugin/cocoa_stage_8",
        "1133": "myplugin/cocoa_stage_9",
        "1134": "myplugin/cocoa_stage_10",
        "1135": "myplugin/cocoa_stage_11",
        "1136": "myplugin/sandstone_stairs_1",
        "1137": "myplugin/sandstone_stairs_2",
        "1138": "myplugin/sandstone_stairs_3",
        "1139": "myplugin/sandstone_stairs_4",
        "1140": "myplugin/sandstone_stairs_5",
        "1141": "myplugin/sandstone_stairs_6",
        "1142": "myplugin/sandstone_stairs_7",
        "1143": "myplugin/tripwire_hook_1",
        "1144": "myplugin/tripwire_hook_2",
        "1145": "myplugin/tripwire_hook_3",
        "1146": "myplugin/tripwire_hook_4",
        "1147": "myplugin/tripwire_hook_5",
        "1148": "myplugin/tripwire_hook_6",
        "1149": "myplugin/tripwire_hook_7",
        "1150": "myplugin/tripwire_hook_8",
        "1151": "myplugin/tripwire_hook_9",
        "1152": "myplugin/tripwire_hook_10",
        "1153": "myplugin/tripwire_hook_11",
        "1154": "myplugin/tripwire_hook_12",
        "1155": "myplugin/tripwire_hook_13",
        "1156": "myplugin/tripwire_hook_14",
        "1157": "myplugin/tripwire_hook_15",
        "1158": "myplugin/wooden_button_1",
        "1159": "myplugin/wooden_button_2",
        "1160": "myplugin/wooden_button_3",
        "1161": "myplugin/wooden_button_4",
        "1162": "myplugin/wooden_button_5",
        "1163": "myplugin/wooden_button_8",
        "1164": "myplugin/wooden_button_9",
        "1165": "myplugin/wooden_button_10",
        "1166": "myplugin/wooden_button_11",
        "1167": "myplugin/wooden_button_12",
        "1168": "myplugin/wooden_button_13",
        "1169": "myplugin/anvil_1",
        "1170": "myplugin/anvil_2",
        "1171": "myplugin/anvil_3",
        "1172": "myplugin/anvil_4",
        "1173": "myplugin/anvil_5",
        "1174": "myplugin/anvil_6",
        "1175": "myplugin/anvil_7",
        "1176": "myplugin/anvil_8",
        "1177": "myplugin/anvil_9",
        "1178": "myplugin/anvil_10",
        "1179": "myplugin/anvil_11",
        "1180": "myplugin/trapped_chest_3",
        "1181": "myplugin/trapped_chest_4",
        "1182": "myplugin/trapped_chest_5",
        "1183": "myplugin/light_weighted_pressure_plate_1",
        "1184": "myplugin/light_weighted_pressure_plate_2",
        "1185": "myplugin/light_weighted_pressure_plate_3",
        "1186": "myplugin/light_weighted_pressure_plate_4",
        "1187": "myplugin/light_weighted_pressure_plate_5",
        "1188": "myplugin/light_weighted_pressure_plate_6",
        "1189": "myplugin/light_weighted_pressure_plate_7",
        "1190": "myplugin/light_weighted_pressure_plate_8",
        "1191": "myplugin/light_weighted_pressure_plate_9",
        "1192": "myplugin/light_weighted_pressure_plate_10",
        "1193": "myplugin/light_weighted_pressure_plate_11",
        "1194": "myplugin/light_weighted_pressure_plate_12",
        "1195": "myplugin/light_weighted_pressure_plate_13",
        "1196": "myplugin/light_weighted_pressure_plate_14",
        "1197": "myplugin/light_weighted_pressure_plate_15",
        "1198": "myplugin/heavy_weighted_pressure_plate_1",
        "1199": "myplugin/heavy_weighted_pressure_plate_2",
        "1200": "myplugin/heavy_weighted_pressure_plate_3",
        "1201": "myplugin/heavy_weighted_pressure_plate_4",
        "1202": "myplugin/heavy_weighted_pressure_plate_5",
        "1203": "myplugin/heavy_weighted_pressure_plate_6",
        "1204": "myplugin/heavy_weighted_pressure_plate_7",
        "1205": "myplugin/heavy_weighted_pressure_plate_8",
        "1206": "myplugin/heavy_weighted_pressure_plate_9",
        "1207": "myplugin/heavy_weighted_pressure_plate_10",
        "1208": "myplugin/heavy_weighted_pressure_plate_11",
        "1209": "myplugin/heavy_weighted_pressure_plate_12",
        "1210": "myplugin/heavy_weighted_pressure_plate_13",
        "1211": "myplugin/heavy_weighted_pressure_plate_14",
        "1212": "myplugin/heavy_weighted_pressure_plate_15",
        "1213": "myplugin/unpowered_comparator_1",
        "1214": "myplugin/unpowered_comparator_2",
        "1215": "myplugin/unpowered_comparator_3",
        "1216": "myplugin/unpowered_comparator_4",
        "1217": "myplugin/unpowered_comparator_5",
        "1218": "myplugin/unpowered_comparator_6",
        "1219": "myplugin/unpowered_comparator_7",
        "1220": "myplugin/powered_comparator_1",
        "1221": "myplugin/powered_comparator_2",
        "1222": "myplugin/powered_comparator_3",
        "1223": "myplugin/powered_comparator_4",
        "1224": "myplugin/powered_comparator_5",
        "1225": "myplugin/powered_comparator_6",
        "1226": "myplugin/powered_comparator_7",
        "1227": "myplugin/hopper_outside_2",
        "1228": "myplugin/hopper_outside_3",
        "1229": "myplugin/hopper_outside_4",
        "1230": "myplugin/hopper_outside_5",
        "1231": "myplugin/hopper_outside_8",
        "1232": "myplugin/hopper_outside_10",
        "1233": "myplugin/hopper_outside_11",
        "1234": "myplugin/hopper_outside_12",
        "1235": "myplugin/hopper_outside_13",
        "1236": "myplugin/quartz_block_1",
        "1237": "myplugin/quartz_block_2",
        "1238": "myplugin/quartz_block_3",
        "1239": "myplugin/quartz_block_4",
        "1240": "myplugin/quartz_stairs_4",
        "1241": "myplugin/quartz_stairs_5",
        "1242": "myplugin/quartz_stairs_6",
        "1243": "myplugin/quartz_stairs_7",
        "1244": "myplugin/rail_activator_1",
        "1245": "myplugin/rail_activator_2",
        "1246": "myplugin/rail_activator_3",
        "1247": "myplugin/rail_activator_4",
        "1248": "myplugin/rail_activator_5",
        "1249": "myplugin/rail_activator_8",
        "1250": "myplugin/rail_activator_9",
        "1251": "myplugin/rail_activator_10",
        "1252": "myplugin/rail_activator_11",
        "1253": "myplugin/rail_activator_12",
        "1254": "myplugin/rail_activator_13",
        "1255": "myplugin/dropper_front_horizontal_2",
        "1256": "myplugin/dropper_front_horizontal_3",
        "1257": "myplugin/dropper_front_horizontal_4",
        "1258": "myplugin/dropper_front_horizontal_5",
        "1259": "myplugin/dropper_front_horizontal_8",
        "1260": "myplugin/dropper_front_horizontal_9",
        "1261": "myplugin/dropper_front_horizontal_10",
        "1262": "myplugin/dropper_front_horizontal_11",
        "1263": "myplugin/dropper_front_horizontal_12",
        "1264": "myplugin/dropper_front_horizontal_13",
        "1265": "myplugin/leaves2_1",
        "1266": "myplugin/leaves2_4",
        "1267": "myplugin/leaves2_5",
        "1268": "myplugin/leaves2_8",
        "1269": "myplugin/leaves2_9",
        "1270": "myplugin/leaves2_12",
        "1271": "myplugin/leaves2_13",
        "1272": "myplugin/log_acacia_4",
        "1273": "myplugin/log_acacia_5",
        "1274": "myplugin/log_acacia_8",
        "1275": "myplugin/log_acacia_9",
        "1276": "myplugin/log_acacia_12",
        "1277": "myplugin/log_acacia_13",
        "1278": "myplugin/iron_trapdoor_1",
        "1279": "myplugin/iron_trapdoor_2",
        "1280": "myplugin/iron_trapdoor_3",
        "1281": "myplugin/iron_trapdoor_4",
        "1282": "myplugin/iron_trapdoor_5",
        "1283": "myplugin/iron_trapdoor_6",
        "1284": "myplugin/iron_trapdoor_7",
        "1285": "myplugin/iron_trapdoor_8",
        "1286": "myplugin/iron_trapdoor_9",
        "1287": "myplugin/iron_trapdoor_10",
        "1288": "myplugin/iron_trapdoor_11",
        "1289": "myplugin/iron_trapdoor_12",
        "1290": "myplugin/iron_trapdoor_13",
        "1291": "myplugin/iron_trapdoor_14",
        "1292": "myplugin/iron_trapdoor_15",
        "1293": "myplugin/prismarine_1",
        "1294": "myplugin/prismarine_2",
        "1295": "myplugin/hay_block_4",
        "1296": "myplugin/hay_block_8",
        "1297": "myplugin/wall_banner_3",
        "1298": "myplugin/wall_banner_4",
        "1299": "myplugin/wall_banner_5",
        "1300": "myplugin/red_sandstone_1",
        "1301": "myplugin/red_sandstone_2",
        "1302": "myplugin/red_sandstone_stairs_1",
        "1303": "myplugin/red_sandstone_stairs_2",
        "1304": "myplugin/red_sandstone_stairs_3",
        "1305": "myplugin/red_sandstone_stairs_4",
        "1306": "myplugin/red_sandstone_stairs_5",
        "1307": "myplugin/red_sandstone_stairs_6",
        "1308": "myplugin/red_sandstone_stairs_7",
        "1309": "myplugin/red_sandstone_slab_false",
        "1310": "myplugin/red_sandstone_slab_true",
        "1311": "myplugin/red_sandstone_slab_8",
        "1312": "myplugin/spruce_fence_gate_1",
        "1313": "myplugin/spruce_fence_gate_2",
        "1314": "myplugin/spruce_fence_gate_3",
        "1315": "myplugin/spruce_fence_gate_4",
        "1316": "myplugin/spruce_fence_gate_5",
        "1317": "myplugin/spruce_fence_gate_6",
        "1318": "myplugin/spruce_fence_gate_7",
        "1319": "myplugin/spruce_fence_gate_8",
        "1320": "myplugin/spruce_fence_gate_9",
        "1321": "myplugin/spruce_fence_gate_10",
        "1322": "myplugin/spruce_fence_gate_11",
        "1323": "myplugin/spruce_fence_gate_12",
        "1324": "myplugin/spruce_fence_gate_13",
        "1325": "myplugin/spruce_fence_gate_14",
        "1326": "myplugin/spruce_fence_gate_15",
        "1327": "myplugin/birch_fence_gate_1",
        "1328": "myplugin/birch_fence_gate_2",
        "1329": "myplugin/birch_fence_gate_3",
        "1330": "myplugin/birch_fence_gate_4",
        "1331": "myplugin/birch_fence_gate_5",
        "1332": "myplugin/birch_fence_gate_6",
        "1333": "myplugin/birch_fence_gate_7",
        "1334": "myplugin/birch_fence_gate_8",
        "1335": "myplugin/birch_fence_gate_9",
        "1336": "myplugin/birch_fence_gate_10",
        "1337": "myplugin/birch_fence_gate_11",
        "1338": "myplugin/birch_fence_gate_12",
        "1339": "myplugin/birch_fence_gate_13",
        "1340": "myplugin/birch_fence_gate_14",
        "1341": "myplugin/birch_fence_gate_15",
        "1342": "myplugin/jungle_fence_gate_1",
        "1343": "myplugin/jungle_fence_gate_2",
        "1344": "myplugin/jungle_fence_gate_3",
        "1345": "myplugin/jungle_fence_gate_4",
        "1346": "myplugin/jungle_fence_gate_5",
        "1347": "myplugin/jungle_fence_gate_6",
        "1348": "myplugin/jungle_fence_gate_7",
        "1349": "myplugin/jungle_fence_gate_8",
        "1350": "myplugin/jungle_fence_gate_9",
        "1351": "myplugin/jungle_fence_gate_10",
        "1352": "myplugin/jungle_fence_gate_11",
        "1353": "myplugin/jungle_fence_gate_12",
        "1354": "myplugin/jungle_fence_gate_13",
        "1355": "myplugin/jungle_fence_gate_14",
        "1356": "myplugin/jungle_fence_gate_15",
        "1357": "myplugin/dark_oak_fence_gate_1",
        "1358": "myplugin/dark_oak_fence_gate_2",
        "1359": "myplugin/dark_oak_fence_gate_3",
        "1360": "myplugin/dark_oak_fence_gate_4",
        "1361": "myplugin/dark_oak_fence_gate_5",
        "1362": "myplugin/dark_oak_fence_gate_6",
        "1363": "myplugin/dark_oak_fence_gate_7",
        "1364": "myplugin/dark_oak_fence_gate_8",
        "1365": "myplugin/dark_oak_fence_gate_9",
        "1366": "myplugin/dark_oak_fence_gate_10",
        "1367": "myplugin/dark_oak_fence_gate_11",
        "1368": "myplugin/dark_oak_fence_gate_12",
        "1369": "myplugin/dark_oak_fence_gate_13",
        "1370": "myplugin/dark_oak_fence_gate_14",
        "1371": "myplugin/dark_oak_fence_gate_15",
        "1372": "myplugin/acacia_fence_gate_1",
        "1373": "myplugin/acacia_fence_gate_2",
        "1374": "myplugin/acacia_fence_gate_3",
        "1375": "myplugin/acacia_fence_gate_4",
        "1376": "myplugin/acacia_fence_gate_5",
        "1377": "myplugin/acacia_fence_gate_6",
        "1378": "myplugin/acacia_fence_gate_7",
        "1379": "myplugin/acacia_fence_gate_8",
        "1380": "myplugin/acacia_fence_gate_9",
        "1381": "myplugin/acacia_fence_gate_10",
        "1382": "myplugin/acacia_fence_gate_11",
        "1383": "myplugin/acacia_fence_gate_12",
        "1384": "myplugin/acacia_fence_gate_13",
        "1385": "myplugin/acacia_fence_gate_14",
        "1386": "myplugin/acacia_fence_gate_15",
        "1387": "myplugin/spruce_door_1",
        "1388": "myplugin/spruce_door_2",
        "1389": "myplugin/spruce_door_3",
        "1390": "myplugin/spruce_door_4",
        "1391": "myplugin/spruce_door_5",
        "1392": "myplugin/spruce_door_6",
        "1393": "myplugin/spruce_door_7",
        "1394": "myplugin/spruce_door_8",
        "1395": "myplugin/spruce_door_9",
        "1396": "myplugin/spruce_door_10",
        "1397": "myplugin/spruce_door_11",
        "1398": "myplugin/birch_door_1",
        "1399": "myplugin/birch_door_2",
        "1400": "myplugin/birch_door_3",
        "1401": "myplugin/birch_door_4",
        "1402": "myplugin/birch_door_5",
        "1403": "myplugin/birch_door_6",
        "1404": "myplugin/birch_door_7",
        "1405": "myplugin/birch_door_8",
        "1406": "myplugin/birch_door_9",
        "1407": "myplugin/birch_door_10",
        "1408": "myplugin/birch_door_11",
        "1409": "myplugin/jungle_door_1",
        "1410": "myplugin/jungle_door_2",
        "1411": "myplugin/jungle_door_3",
        "1412": "myplugin/jungle_door_4",
        "1413": "myplugin/jungle_door_5",
        "1414": "myplugin/jungle_door_6",
        "1415": "myplugin/jungle_door_7",
        "1416": "myplugin/jungle_door_8",
        "1417": "myplugin/jungle_door_9",
        "1418": "myplugin/jungle_door_10",
        "1419": "myplugin/jungle_door_11",
        "1420": "myplugin/acacia_door_1",
        "1421": "myplugin/acacia_door_2",
        "1422": "myplugin/acacia_door_3",
        "1423": "myplugin/acacia_door_4",
        "1424": "myplugin/acacia_door_5",
        "1425": "myplugin/acacia_door_6",
        "1426": "myplugin/acacia_door_7",
        "1427": "myplugin/acacia_door_8",
        "1428": "myplugin/acacia_door_9",
        "1429": "myplugin/acacia_door_10",
        "1430": "myplugin/acacia_door_11",
        "1431": "myplugin/dark_oak_door_1",
        "1432": "myplugin/dark_oak_door_2",
        "1433": "myplugin/dark_oak_door_3",
        "1434": "myplugin/dark_oak_door_4",
        "1435": "myplugin/dark_oak_door_5",
        "1436": "myplugin/dark_oak_door_6",
        "1437": "myplugin/dark_oak_door_7",
        "1438": "myplugin/dark_oak_door_8",
        "1439": "myplugin/dark_oak_door_9",
        "1440": "myplugin/dark_oak_door_10",
        "1441": "myplugin/dark_oak_door_11",
        "1442": "myplugin/end_rod_1",
        "1443": "myplugin/end_rod_2",
        "1444": "myplugin/end_rod_3",
        "1445": "myplugin/end_rod_4",
        "1446": "myplugin/end_rod_5",
        "1447": "myplugin/chorus_flower_1",
        "1448": "myplugin/chorus_flower_2",
        "1449": "myplugin/chorus_flower_3",
        "1450": "myplugin/chorus_flower_4",
        "1451": "myplugin/chorus_flower_5",
        "1452": "myplugin/purpur_pillar_1",
        "1453": "myplugin/purpur_pillar_2",
        "1454": "myplugin/purpur_stairs_1",
        "1455": "myplugin/purpur_stairs_2",
        "1456": "myplugin/purpur_stairs_3",
        "1457": "myplugin/purpur_stairs_4",
        "1458": "myplugin/purpur_stairs_5",
        "1459": "myplugin/purpur_stairs_6",
        "1460": "myplugin/purpur_stairs_7",
        "1461": "myplugin/frosted_ice_1",
        "1462": "myplugin/frosted_ice_2",
        "1463": "myplugin/frosted_ice_3",
        "1464": "myplugin/structure_block_1",
        "1465": "myplugin/structure_block_2",
        "1466": "myplugin/structure_block_3",
        "1467": "myplugin/stained_hardened_clay_1",
        "1468": "myplugin/water_3",
        "1469": "myplugin/water_4",
        "1470": "myplugin/water_5",
        "1471": "myplugin/water_6",
        "1472": "myplugin/water_7",
        "1473": "myplugin/water_10",
        "1474": "myplugin/water_11",
        "1475": "myplugin/water_12",
        "1476": "myplugin/water_13",
        "1477": "myplugin/water_14",
        "1478": "myplugin/water_15",
        "1479": "myplugin/water_16",
        "1480": "myplugin/stained_hardened_clay_10",
        "1481": "myplugin/stained_hardened_clay_12",
        "1482": "myplugin/purpur_slab_8",
        "1483": "myplugin/bone_block_4",
        "1484": "myplugin/bone_block_8",
        "1485": "myplugin/observer_1",
        "1486": "myplugin/observer_2",
        "1487": "myplugin/observer_3",
        "1488": "myplugin/observer_4",
        "1489": "myplugin/observer_5",
        "1490": "myplugin/normal_chest_3",
        "1491": "myplugin/normal_chest_4",
        "1492": "myplugin/normal_chest_5",
        "1493": "myplugin/farmland_dry_1",
        "1494": "myplugin/farmland_dry_2",
        "1495": "myplugin/farmland_dry_3",
        "1496": "myplugin/farmland_dry_4",
        "1497": "myplugin/farmland_dry_5",
        "1498": "myplugin/farmland_dry_6",
        "1499": "myplugin/skull_1",
        "1500": "myplugin/skull_2",
        "1501": "myplugin/skull_3",
        "1502": "myplugin/skull_4",
        "1503": "myplugin/skull_5",
        "1504": "myplugin/skull_6",
        "1505": "myplugin/skull_7",
        "1506": "myplugin/skull_8",
        "1507": "myplugin/skull_9",
        "1508": "myplugin/skull_10",
        "1509": "myplugin/skull_11",
        "1510": "myplugin/skull_12",
        "1511": "myplugin/skull_13",
        "1512": "myplugin/brown_mushroom_block_1",
        "1513": "myplugin/brown_mushroom_block_2",
        "1514": "myplugin/brown_mushroom_block_3",
        "1515": "myplugin/brown_mushroom_block_4",
        "1516": "myplugin/brown_mushroom_block_5",
        "1517": "myplugin/brown_mushroom_block_6",
        "1518": "myplugin/brown_mushroom_block_7",
        "1519": "myplugin/brown_mushroom_block_8",
        "1520": "myplugin/brown_mushroom_block_9",
        "1521": "myplugin/brown_mushroom_block_10",
        "1522": "myplugin/brown_mushroom_block_14",
        "1523": "myplugin/brown_mushroom_block_15",
        "1524": "myplugin/red_mushroom_block_1",
        "1525": "myplugin/red_mushroom_block_2",
        "1526": "myplugin/red_mushroom_block_3",
        "1527": "myplugin/red_mushroom_block_4",
        "1528": "myplugin/red_mushroom_block_5",
        "1529": "myplugin/red_mushroom_block_6",
        "1530": "myplugin/red_mushroom_block_7",
        "1531": "myplugin/red_mushroom_block_8",
        "1532": "myplugin/red_mushroom_block_9",
        "1533": "myplugin/red_mushroom_block_10",
        "1534": "myplugin/red_mushroom_block_14",
        "1535": "myplugin/red_mushroom_block_15",
        "1536": "myplugin/vine_7",
        "1537": "myplugin/vine_8",
        "1538": "myplugin/stairs",
        "1539": "myplugin/fence1",
        "1540": "myplugin/fence2",
        "1541": "myplugin/fence3",
        "1542": "myplugin/fence4",
        "1543": "myplugin/fence5",
        "1544": "myplugin/fence6",
        "1545": "myplugin/fence7",
        "1546": "myplugin/fence8",
        "1547": "myplugin/fence9",
        "1548": "myplugin/fence10",
        "1549": "myplugin/fence11",
        "1550": "myplugin/fence12",
        "1551": "myplugin/fence13",
        "1552": "myplugin/fence14",
        "1553": "myplugin/fence15",
        "1554": "myplugin/spruce_fence1",
        "1555": "myplugin/spruce_fence2",
        "1556": "myplugin/spruce_fence3",
        "1557": "myplugin/spruce_fence4",
        "1558": "myplugin/spruce_fence5",
        "1559": "myplugin/spruce_fence6",
        "1560": "myplugin/spruce_fence7",
        "1561": "myplugin/spruce_fence8",
        "1562": "myplugin/spruce_fence9",
        "1563": "myplugin/spruce_fence10",
        "1564": "myplugin/spruce_fence11",
        "1565": "myplugin/spruce_fence12",
        "1566": "myplugin/spruce_fence13",
        "1567": "myplugin/spruce_fence14",
        "1568": "myplugin/spruce_fence15",
        "1569": "myplugin/birch_fence1",
        "1570": "myplugin/birch_fence2",
        "1571": "myplugin/birch_fence3",
        "1572": "myplugin/birch_fence4",
        "1573": "myplugin/birch_fence5",
        "1574": "myplugin/birch_fence6",
        "1575": "myplugin/birch_fence7",
        "1576": "myplugin/birch_fence8",
        "1577": "myplugin/birch_fence9",
        "1578": "myplugin/birch_fence10",
        "1579": "myplugin/birch_fence11",
        "1580": "myplugin/birch_fence12",
        "1581": "myplugin/birch_fence13",
        "1582": "myplugin/birch_fence14",
        "1583": "myplugin/birch_fence15",
        "1584": "myplugin/jungle_fence1",
        "1585": "myplugin/jungle_fence2",
        "1586": "myplugin/jungle_fence3",
        "1587": "myplugin/jungle_fence4",
        "1588": "myplugin/jungle_fence5",
        "1589": "myplugin/jungle_fence6",
        "1590": "myplugin/jungle_fence7",
        "1591": "myplugin/jungle_fence8",
        "1592": "myplugin/jungle_fence9",
        "1593": "myplugin/jungle_fence10",
        "1594": "myplugin/jungle_fence11",
        "1595": "myplugin/jungle_fence12",
        "1596": "myplugin/jungle_fence13",
        "1597": "myplugin/jungle_fence14",
        "1598": "myplugin/jungle_fence15",
        "1599": "myplugin/dark_oak_fence1",
        "1600": "myplugin/dark_oak_fence2",
        "1601": "myplugin/dark_oak_fence3",
        "1602": "myplugin/dark_oak_fence4",
        "1603": "myplugin/dark_oak_fence5",
        "1604": "myplugin/dark_oak_fence6",
        "1605": "myplugin/dark_oak_fence7",
        "1606": "myplugin/dark_oak_fence8",
        "1607": "myplugin/dark_oak_fence9",
        "1608": "myplugin/dark_oak_fence10",
        "1609": "myplugin/dark_oak_fence11",
        "1610": "myplugin/dark_oak_fence12",
        "1611": "myplugin/dark_oak_fence13",
        "1612": "myplugin/dark_oak_fence14",
        "1613": "myplugin/dark_oak_fence15",
        "1614": "myplugin/acacia_fence1",
        "1615": "myplugin/acacia_fence2",
        "1616": "myplugin/acacia_fence3",
        "1617": "myplugin/acacia_fence4",
        "1618": "myplugin/acacia_fence5",
        "1619": "myplugin/acacia_fence6",
        "1620": "myplugin/acacia_fence7",
        "1621": "myplugin/acacia_fence8",
        "1622": "myplugin/acacia_fence9",
        "1623": "myplugin/acacia_fence10",
        "1624": "myplugin/acacia_fence11",
        "1625": "myplugin/acacia_fence12",
        "1626": "myplugin/acacia_fence13",
        "1627": "myplugin/acacia_fence14",
        "1628": "myplugin/acacia_fence15",
        "1629": "myplugin/oak_stairs_down",
        "1630": "myplugin/oak_stairs01_down",
        "1631": "myplugin/oak_stairs02_down",
        "1632": "myplugin/oak_stairs03_down",
        "1633": "myplugin/oak_stairs04_down",
        "1634": "myplugin/oak_stairs05_down",
        "1635": "myplugin/oak_stairs06_down",
        "1636": "myplugin/oak_stairs07_down",
        "1637": "myplugin/oak_stairs08_down",
        "1638": "myplugin/oak_stairs09_down",
        "1639": "myplugin/oak_stairs10_down",
        "1640": "myplugin/oak_stairs11_down",
        "1641": "myplugin/water_0_0",
        "1642": "myplugin/water_0_1",
        "1643": "myplugin/water_0_2",
        "1644": "myplugin/water_0_3",
        "1645": "myplugin/water_0_4",
        "1646": "myplugin/water_0_5",
        "1647": "myplugin/water_0_6",
        "1648": "myplugin/water_0_7",
        "1649": "myplugin/water_0_8",
        "1650": "myplugin/water_1_0",
        "1651": "myplugin/water_1_1",
        "1652": "myplugin/water_1_2",
        "1653": "myplugin/water_1_3",
        "1654": "myplugin/water_1_4",
        "1655": "myplugin/water_1_5",
        "1656": "myplugin/water_1_6",
        "1657": "myplugin/water_1_7",
        "1658": "myplugin/water_1_8",
        "1659": "myplugin/water_2_0",
        "1660": "myplugin/water_2_1",
        "1661": "myplugin/water_2_2",
        "1662": "myplugin/water_2_3",
        "1663": "myplugin/water_2_4",
        "1664": "myplugin/water_2_5",
        "1665": "myplugin/water_2_6",
        "1666": "myplugin/water_2_7",
        "1667": "myplugin/water_2_8",
        "1668": "myplugin/water_3_0",
        "1669": "myplugin/water_3_1",
        "1670": "myplugin/water_3_2",
        "1671": "myplugin/water_3_3",
        "1672": "myplugin/water_3_4",
        "1673": "myplugin/water_3_5",
        "1674": "myplugin/water_3_6",
        "1675": "myplugin/water_3_7",
        "1676": "myplugin/water_3_8",
        "1677": "myplugin/water_4_0",
        "1678": "myplugin/water_4_1",
        "1679": "myplugin/water_4_2",
        "1680": "myplugin/water_4_3",
        "1681": "myplugin/water_4_4",
        "1682": "myplugin/water_4_5",
        "1683": "myplugin/water_4_6",
        "1684": "myplugin/water_4_7",
        "1685": "myplugin/water_4_8",
        "1686": "myplugin/water_5_0",
        "1687": "myplugin/water_5_1",
        "1688": "myplugin/water_5_2",
        "1689": "myplugin/water_5_3",
        "1690": "myplugin/water_5_4",
        "1691": "myplugin/water_5_5",
        "1692": "myplugin/water_5_6",
        "1693": "myplugin/water_5_7",
        "1694": "myplugin/water_5_8",
        "1695": "myplugin/water_6_0",
        "1696": "myplugin/water_6_1",
        "1697": "myplugin/water_6_2",
        "1698": "myplugin/water_6_3",
        "1699": "myplugin/water_6_4",
        "1700": "myplugin/water_6_5",
        "1701": "myplugin/water_6_6",
        "1702": "myplugin/water_6_7",
        "1703": "myplugin/water_6_8",
        "1704": "myplugin/water_7_0",
        "1705": "myplugin/water_7_1",
        "1706": "myplugin/water_7_2",
        "1707": "myplugin/water_7_3",
        "1708": "myplugin/water_7_4",
        "1709": "myplugin/water_7_5",
        "1710": "myplugin/water_7_6",
        "1711": "myplugin/water_7_7",
        "1712": "myplugin/water_7_8",
        "1713": "myplugin/acacia_stairs_down",
        "1714": "myplugin/acacia_stairs01_down",
        "1715": "myplugin/acacia_stairs02_down",
        "1716": "myplugin/acacia_stairs03_down",
        "1717": "myplugin/acacia_stairs04_down",
        "1718": "myplugin/acacia_stairs05_down",
        "1719": "myplugin/acacia_stairs06_down",
        "1720": "myplugin/acacia_stairs07_down",
        "1721": "myplugin/acacia_stairs08_down",
        "1722": "myplugin/acacia_stairs09_down",
        "1723": "myplugin/acacia_stairs10_down",
        "1724": "myplugin/acacia_stairs11_down",
        "1725": "myplugin/brick_stairs_down",
        "1726": "myplugin/brick_stairs01_down",
        "1727": "myplugin/brick_stairs02_down",
        "1728": "myplugin/brick_stairs03_down",
        "1729": "myplugin/brick_stairs04_down",
        "1730": "myplugin/brick_stairs05_down",
        "1731": "myplugin/brick_stairs06_down",
        "1732": "myplugin/brick_stairs07_down",
        "1733": "myplugin/brick_stairs08_down",
        "1734": "myplugin/brick_stairs09_down",
        "1735": "myplugin/brick_stairs10_down",
        "1736": "myplugin/brick_stairs11_down",
        "1737": "myplugin/birch_stairs_down",
        "1738": "myplugin/birch_stairs01_down",
        "1739": "myplugin/birch_stairs02_down",
        "1740": "myplugin/birch_stairs03_down",
        "1741": "myplugin/birch_stairs04_down",
        "1742": "myplugin/birch_stairs05_down",
        "1743": "myplugin/birch_stairs06_down",
        "1744": "myplugin/birch_stairs07_down",
        "1745": "myplugin/birch_stairs08_down",
        "1746": "myplugin/birch_stairs09_down",
        "1747": "myplugin/birch_stairs10_down",
        "1748": "myplugin/birch_stairs11_down",
        "1749": "myplugin/dark_oak_stairs_down",
        "1750": "myplugin/dark_oak_stairs01_down",
        "1751": "myplugin/dark_oak_stairs02_down",
        "1752": "myplugin/dark_oak_stairs03_down",
        "1753": "myplugin/dark_oak_stairs04_down",
        "1754": "myplugin/dark_oak_stairs05_down",
        "1755": "myplugin/dark_oak_stairs06_down",
        "1756": "myplugin/dark_oak_stairs07_down",
        "1757": "myplugin/dark_oak_stairs08_down",
        "1758": "myplugin/dark_oak_stairs09_down",
        "1759": "myplugin/dark_oak_stairs10_down",
        "1760": "myplugin/dark_oak_stairs11_down",
        "1761": "myplugin/jungle_stairs_down",
        "1762": "myplugin/jungle_stairs01_down",
        "1763": "myplugin/jungle_stairs02_down",
        "1764": "myplugin/jungle_stairs03_down",
        "1765": "myplugin/jungle_stairs04_down",
        "1766": "myplugin/jungle_stairs05_down",
        "1767": "myplugin/jungle_stairs06_down",
        "1768": "myplugin/jungle_stairs07_down",
        "1769": "myplugin/jungle_stairs08_down",
        "1770": "myplugin/jungle_stairs09_down",
        "1771": "myplugin/jungle_stairs10_down",
        "1772": "myplugin/jungle_stairs11_down",
        "1773": "myplugin/spruce_stairs_down",
        "1774": "myplugin/spruce_stairs01_down",
        "1775": "myplugin/spruce_stairs02_down",
        "1776": "myplugin/spruce_stairs03_down",
        "1777": "myplugin/spruce_stairs04_down",
        "1778": "myplugin/spruce_stairs05_down",
        "1779": "myplugin/spruce_stairs06_down",
        "1780": "myplugin/spruce_stairs07_down",
        "1781": "myplugin/spruce_stairs08_down",
        "1782": "myplugin/spruce_stairs09_down",
        "1783": "myplugin/spruce_stairs10_down",
        "1784": "myplugin/spruce_stairs11_down",
        "1795": "myplugin/stone_stairs_down",
        "1796": "myplugin/stone_stairs01_down",
        "1797": "myplugin/stone_stairs02_down",
        "1798": "myplugin/stone_stairs03_down",
        "1799": "myplugin/stone_stairs04_down",
        "1800": "myplugin/stone_stairs05_down",
        "1801": "myplugin/stone_stairs06_down",
        "1802": "myplugin/stone_stairs07_down",
        "1803": "myplugin/stone_stairs08_down",
        "1804": "myplugin/stone_stairs09_down",
        "1805": "myplugin/stone_stairs10_down",
        "1806": "myplugin/stone_stairs11_down",
        "1807": "myplugin/stone_brick_stairs_down",
        "1808": "myplugin/stone_brick_stairs01_down",
        "1809": "myplugin/stone_brick_stairs02_down",
        "1810": "myplugin/stone_brick_stairs03_down",
        "1811": "myplugin/stone_brick_stairs04_down",
        "1812": "myplugin/stone_brick_stairs05_down",
        "1813": "myplugin/stone_brick_stairs06_down",
        "1814": "myplugin/stone_brick_stairs07_down",
        "1815": "myplugin/stone_brick_stairs08_down",
        "1816": "myplugin/stone_brick_stairs09_down",
        "1817": "myplugin/stone_brick_stairs10_down",
        "1818": "myplugin/stone_brick_stairs11_down",
        "1819": "myplugin/quartz_stairs",
        "1820": "myplugin/quartz_stairs01",
        "1821": "myplugin/quartz_stairs02",
        "1822": "myplugin/quartz_stairs03",
        "1823": "myplugin/quartz_stairs04",
        "1824": "myplugin/quartz_stairs05",
        "1825": "myplugin/quartz_stairs06",
        "1826": "myplugin/quartz_stairs07",
        "1827": "myplugin/quartz_stairs08",
        "1828": "myplugin/quartz_stairs09",
        "1829": "myplugin/quartz_stairs10",
        "1830": "myplugin/quartz_stairs11",
        "1831": "myplugin/quartz_stairs_down",
        "1832": "myplugin/quartz_stairs01_down",
        "1833": "myplugin/quartz_stairs02_down",
        "1834": "myplugin/quartz_stairs03_down",
        "1835": "myplugin/quartz_stairs04_down",
        "1836": "myplugin/quartz_stairs05_down",
        "1837": "myplugin/quartz_stairs06_down",
        "1838": "myplugin/quartz_stairs07_down",
        "1839": "myplugin/quartz_stairs08_down",
        "1840": "myplugin/quartz_stairs09_down",
        "1841": "myplugin/quartz_stairs10_down",
        "1842": "myplugin/quartz_stairs11_down",
        "1843": "myplugin/sandstone_stairs01",
        "1844": "myplugin/sandstone_stairs02",
        "1845": "myplugin/sandstone_stairs03",
        "1846": "myplugin/sandstone_stairs04",
        "1847": "myplugin/sandstone_stairs05",
        "1848": "myplugin/sandstone_stairs06",
        "1849": "myplugin/sandstone_stairs07",
        "1850": "myplugin/sandstone_stairs08",
        "1851": "myplugin/sandstone_stairs09",
        "1852": "myplugin/sandstone_stairs10",
        "1853": "myplugin/sandstone_stairs11",
        "1854": "myplugin/sandstone_stairs_down",
        "1855": "myplugin/sandstone_stairs01_down",
        "1856": "myplugin/sandstone_stairs02_down",
        "1857": "myplugin/sandstone_stairs03_down",
        "1858": "myplugin/sandstone_stairs04_down",
        "1859": "myplugin/sandstone_stairs05_down",
        "1860": "myplugin/sandstone_stairs06_down",
        "1861": "myplugin/sandstone_stairs07_down",
        "1862": "myplugin/sandstone_stairs08_down",
        "1863": "myplugin/sandstone_stairs09_down",
        "1864": "myplugin/sandstone_stairs10_down",
        "1865": "myplugin/sandstone_stairs11_down",
        "1866": "myplugin/red_sandstone_stairs01",
        "1867": "myplugin/red_sandstone_stairs02",
        "1868": "myplugin/red_sandstone_stairs03",
        "1869": "myplugin/red_sandstone_stairs04",
        "1870": "myplugin/red_sandstone_stairs05",
        "1871": "myplugin/red_sandstone_stairs06",
        "1872": "myplugin/red_sandstone_stairs07",
        "1873": "myplugin/red_sandstone_stairs08",
        "1874": "myplugin/red_sandstone_stairs09",
        "1875": "myplugin/red_sandstone_stairs10",
        "1876": "myplugin/red_sandstone_stairs11",
        "1877": "myplugin/red_sandstone_stairs_down",
        "1878": "myplugin/red_sandstone_stairs01_down",
        "1879": "myplugin/red_sandstone_stairs02_down",
        "1880": "myplugin/red_sandstone_stairs03_down",
        "1881": "myplugin/red_sandstone_stairs04_down",
        "1882": "myplugin/red_sandstone_stairs05_down",
        "1883": "myplugin/red_sandstone_stairs06_down",
        "1884": "myplugin/red_sandstone_stairs07_down",
        "1885": "myplugin/red_sandstone_stairs08_down",
        "1886": "myplugin/red_sandstone_stairs09_down",
        "1887": "myplugin/red_sandstone_stairs10_down",
        "1888": "myplugin/red_sandstone_stairs11_down",
        "1889": "myplugin/nether_brick_stairs01",
        "1890": "myplugin/nether_brick_stairs02",
        "1891": "myplugin/nether_brick_stairs03",
        "1892": "myplugin/nether_brick_stairs04",
        "1893": "myplugin/nether_brick_stairs05",
        "1894": "myplugin/nether_brick_stairs06",
        "1895": "myplugin/nether_brick_stairs07",
        "1896": "myplugin/nether_brick_stairs08",
        "1897": "myplugin/nether_brick_stairs09",
        "1898": "myplugin/nether_brick_stairs10",
        "1899": "myplugin/nether_brick_stairs11",
        "1900": "myplugin/nether_brick_stairs_down",
        "1901": "myplugin/nether_brick_stairs01_down",
        "1902": "myplugin/nether_brick_stairs02_down",
        "1903": "myplugin/nether_brick_stairs03_down",
        "1904": "myplugin/nether_brick_stairs04_down",
        "1905": "myplugin/nether_brick_stairs05_down",
        "1906": "myplugin/nether_brick_stairs06_down",
        "1907": "myplugin/nether_brick_stairs07_down",
        "1908": "myplugin/nether_brick_stairs08_down",
        "1909": "myplugin/nether_brick_stairs09_down",
        "1910": "myplugin/nether_brick_stairs10_down",
        "1911": "myplugin/nether_brick_stairs11_down",
        "1912": "myplugin/nether_brick_fence",
        "1913": "myplugin/nether_brick_fence1",
        "1914": "myplugin/nether_brick_fence2",
        "1915": "myplugin/nether_brick_fence3",
        "1916": "myplugin/nether_brick_fence4",
        "1917": "myplugin/nether_brick_fence5",
        "1918": "myplugin/nether_brick_fence6",
        "1919": "myplugin/nether_brick_fence7",
        "1920": "myplugin/nether_brick_fence8",
        "1921": "myplugin/nether_brick_fence9",
        "1922": "myplugin/nether_brick_fence10",
        "1923": "myplugin/nether_brick_fence11",
        "1924": "myplugin/nether_brick_fence12",
        "1925": "myplugin/nether_brick_fence13",
        "1926": "myplugin/nether_brick_fence14",
        "1927": "myplugin/nether_brick_fence15",
        "1928": "myplugin/glass_pane_top1",
        "1929": "myplugin/glass_pane_top2",
        "1930": "myplugin/glass_pane_top3",
        "1931": "myplugin/glass_pane_top4",
        "1932": "myplugin/glass_pane_top5",
        "1933": "myplugin/glass_pane_top6",
        "1934": "myplugin/glass_pane_top7",
        "1935": "myplugin/glass_pane_top8",
        "1936": "myplugin/glass_pane_top9",
        "1937": "myplugin/glass_pane_top10",
        "1938": "myplugin/glass_pane_top11",
        "1939": "myplugin/glass_pane_top12",
        "1940": "myplugin/glass_pane_top13",
        "1941": "myplugin/glass_pane_top14",
        "1942": "myplugin/glass_pane_top15",
        "1943": "myplugin/cobblestone_wall1",
        "1944": "myplugin/cobblestone_wall2",
        "1945": "myplugin/cobblestone_wall3",
        "1946": "myplugin/cobblestone_wall4",
        "1947": "myplugin/cobblestone_wall5",
        "1948": "myplugin/cobblestone_wall6",
        "1949": "myplugin/cobblestone_wall7",
        "1950": "myplugin/cobblestone_wall8",
        "1951": "myplugin/cobblestone_wall9",
        "1952": "myplugin/cobblestone_wall10",
        "1953": "myplugin/cobblestone_wall11",
        "1954": "myplugin/cobblestone_wall12",
        "1955": "myplugin/cobblestone_wall13",
        "1956": "myplugin/cobblestone_wall14",
        "1957": "myplugin/cobblestone_wall15",
        "1958": "myplugin/trapdoor_open",
        "1959": "myplugin/trapdoor_1_open",
        "1960": "myplugin/trapdoor_2_open",
        "1961": "myplugin/trapdoor_3_open",
        "1962": "myplugin/trapdoor_4_open",
        "1963": "myplugin/trapdoor_5_open",
        "1964": "myplugin/trapdoor_6_open",
        "1965": "myplugin/trapdoor_7_open",
        "1966": "myplugin/trapdoor_8_open",
        "1967": "myplugin/trapdoor_9_open",
        "1968": "myplugin/trapdoor_10_open",
        "1969": "myplugin/trapdoor_11_open",
        "1970": "myplugin/trapdoor_12_open",
        "1971": "myplugin/trapdoor_13_open",
        "1972": "myplugin/trapdoor_14_open",
        "1973": "myplugin/trapdoor_15_open",
        "1974": "myplugin/glass_pane_top_black1",
        "1975": "myplugin/glass_pane_top_black2",
        "1976": "myplugin/glass_pane_top_black3",
        "1977": "myplugin/glass_pane_top_black4",
        "1978": "myplugin/glass_pane_top_black5",
        "1979": "myplugin/glass_pane_top_black6",
        "1980": "myplugin/glass_pane_top_black7",
        "1981": "myplugin/glass_pane_top_black8",
        "1982": "myplugin/glass_pane_top_black9",
        "1983": "myplugin/glass_pane_top_black10",
        "1984": "myplugin/glass_pane_top_black11",
        "1985": "myplugin/glass_pane_top_black12",
        "1986": "myplugin/glass_pane_top_black13",
        "1987": "myplugin/glass_pane_top_black14",
        "1988": "myplugin/glass_pane_top_black15",
        "2000": "myplugin/grass_01",
        "2001": "myplugin/sand_1",
        "2002": "myplugin/sand_2",
        "2003": "myplugin/sand_3",
        "2004": "myplugin/sand_4",
        "2005": "myplugin/Sand_brick_0",
        "2006": "myplugin/Sand_brick_1",
        "2007": "myplugin/Sand_brick_2",
        "2008": "myplugin/Sand_brick_3",
        "2009": "myplugin/Sand_brick_4",
        "2010": "myplugin/Sand_brick_5",
        "2011": "myplugin/Sand_brick_6",
        "2012": "myplugin/Sand_brick_7",
        "2013": "myplugin/brick_block_orange",
        "2014": "myplugin/light_blue_shulker_box_01",
        "2015": "myplugin/light_blue_shulker_box_02",
        "2016": "myplugin/stone_andesite_smooth",
        "2017": "myplugin/metal_0",
        "2018": "myplugin/cobblestone_02",
        "2019": "myplugin/leaves_oak_01",
        "2020": "myplugin/vine_002",
        "2021": "myplugin/accelerate",
        "2023": "myplugin/bucket_water",
        "2024": "myplugin/non",
        "2025": "myplugin/glass_0_2",
        "2026": "myplugin/lava_0",
        "2027": "myplugin/lava_0_0",
        "2028": "myplugin/lava_0_1",
        "2029": "myplugin/lava_0_2",
        "2030": "myplugin/lava_0_3",
        "2031": "myplugin/lava_0_4",
        "2032": "myplugin/lava_0_5",
        "2033": "myplugin/lava_0_6",
        "2034": "myplugin/lava_0_7",
        "2035": "myplugin/lava_0_8",
        "2036": "myplugin/lava_1",
        "2037": "myplugin/lava_10",
        "2038": "myplugin/lava_11",
        "2039": "myplugin/lava_12",
        "2040": "myplugin/lava_13",
        "2041": "myplugin/lava_14",
        "2042": "myplugin/lava_15",
        "2043": "myplugin/lava_16",
        "2044": "myplugin/lava_1_0",
        "2045": "myplugin/lava_1_1",
        "2046": "myplugin/lava_1_2",
        "2047": "myplugin/lava_1_3",
        "2048": "myplugin/lava_1_4",
        "2049": "myplugin/lava_1_5",
        "2050": "myplugin/lava_1_6",
        "2051": "myplugin/lava_1_7",
        "2052": "myplugin/lava_1_8",
        "2053": "myplugin/lava_2",
        "2054": "myplugin/lava_2_0",
        "2055": "myplugin/lava_2_1",
        "2056": "myplugin/lava_2_2",
        "2057": "myplugin/lava_2_3",
        "2058": "myplugin/lava_2_4",
        "2059": "myplugin/lava_2_5",
        "2060": "myplugin/lava_2_6",
        "2061": "myplugin/lava_2_7",
        "2062": "myplugin/lava_2_8",
        "2063": "myplugin/lava_3",
        "2064": "myplugin/lava_3_0",
        "2065": "myplugin/lava_3_1",
        "2066": "myplugin/lava_3_2",
        "2067": "myplugin/lava_3_3",
        "2068": "myplugin/lava_3_4",
        "2069": "myplugin/lava_3_5",
        "2070": "myplugin/lava_3_6",
        "2071": "myplugin/lava_3_7",
        "2072": "myplugin/lava_3_8",
        "2073": "myplugin/lava_4",
        "2074": "myplugin/lava_4_0",
        "2075": "myplugin/lava_4_1",
        "2076": "myplugin/lava_4_2",
        "2077": "myplugin/lava_4_3",
        "2078": "myplugin/lava_4_4",
        "2079": "myplugin/lava_4_5",
        "2080": "myplugin/lava_4_6",
        "2081": "myplugin/lava_4_7",
        "2082": "myplugin/lava_4_8",
        "2083": "myplugin/lava_5",
        "2084": "myplugin/lava_5_0",
        "2085": "myplugin/lava_5_1",
        "2086": "myplugin/lava_5_2",
        "2087": "myplugin/lava_5_3",
        "2088": "myplugin/lava_5_4",
        "2089": "myplugin/lava_5_5",
        "2090": "myplugin/lava_5_6",
        "2091": "myplugin/lava_5_7",
        "2092": "myplugin/lava_5_8",
        "2093": "myplugin/lava_6",
        "2094": "myplugin/lava_6_0",
        "2095": "myplugin/lava_6_1",
        "2096": "myplugin/lava_6_2",
        "2097": "myplugin/lava_6_3",
        "2098": "myplugin/lava_6_4",
        "2099": "myplugin/lava_6_5",
        "2100": "myplugin/lava_6_6",
        "2101": "myplugin/lava_6_7",
        "2102": "myplugin/lava_6_8",
        "2103": "myplugin/lava_7",
        "2104": "myplugin/lava_7_0",
        "2105": "myplugin/lava_7_1",
        "2106": "myplugin/lava_7_2",
        "2107": "myplugin/lava_7_3",
        "2108": "myplugin/lava_7_4",
        "2109": "myplugin/lava_7_5",
        "2110": "myplugin/lava_7_6",
        "2111": "myplugin/lava_7_7",
        "2112": "myplugin/lava_7_8",
        "2113": "myplugin/lava_8",
        "2114": "myplugin/lava_9",
        "4000": "myplugin/aa_door_down",
        "4001": "myplugin/aa_door_up",
        "4002": "myplugin/aa_door_down_90",
        "4003": "myplugin/aa_door_down_90_mirror",
        "4004": "myplugin/aa_door_down_90_open",
        "4005": "myplugin/aa_door_down_90_open_mirror",
        "4006": "myplugin/aa_door_up_90",
        "4007": "myplugin/aa_door_up_90_mirror",
        "4008": "myplugin/aa_door_up_90_open",
        "4009": "myplugin/aa_door_up_90_open_mirror",
        "4010": "myplugin/aa_door_down_180",
        "4011": "myplugin/aa_door_down_180_mirror",
        "4012": "myplugin/aa_door_down_180_open",
        "4013": "myplugin/aa_door_down_180_open_mirror",
        "4014": "myplugin/aa_door_up_180",
        "4015": "myplugin/aa_door_up_180_mirror",
        "4016": "myplugin/aa_door_up_180_open",
        "4017": "myplugin/aa_door_up_180_open_mirror",
        "4018": "myplugin/aa_door_down_270",
        "4019": "myplugin/aa_door_down_270_mirror",
        "4020": "myplugin/aa_door_down_270_open",
        "4021": "myplugin/aa_door_down_270_open_mirror",
        "4022": "myplugin/aa_door_up_270",
        "4023": "myplugin/aa_door_up_270_mirror",
        "4024": "myplugin/aa_door_up_270_open",
        "4025": "myplugin/aa_door_up_270_open_mirror",
        "4026": "myplugin/aa_door_down_360",
        "4027": "myplugin/aa_door_down_360_mirror",
        "4028": "myplugin/aa_door_down_360_open",
        "4029": "myplugin/aa_door_down_360_open_mirror",
        "4030": "myplugin/aa_door_up_360",
        "4031": "myplugin/aa_door_up_360_mirror",
        "4032": "myplugin/aa_door_up_360_open",
        "4033": "myplugin/aa_door_up_360_open_mirror",
        "4034": "myplugin/huoba",
        "4035": "myplugin/huoba_90",
        "4036": "myplugin/huoba_180",
        "4037": "myplugin/huoba_270",
        "4038": "myplugin/huoba_360",
        "4039": "myplugin/ladder_3_map",
        "4040": "myplugin/ladder_4_map",
        "4041": "myplugin/ladder_5_map",
        "4042": "myplugin/ladder_map"
    }
}