{"cover_url":"http://static.sandboxol.com/editorfile/editor/file/kgavamuhgq.png","created_time":0,"desc":"This is a empty mode, you can create your game as much as you like","file_md5":"8e733f5bf3963b33af9e3fec8ea60100","file_url":"http://static.sandboxol.com/editorfile/editor/file/empty.20210205174200_minimalist.zip","game_show_pic_url":"http://static.sandboxol.com/editorfile/editor/file/csxptcmndu.png","id":"5f2d336fc1a4690ef1d62737","language_details":{"en_US":{"desc":"This is a empty mode, you can create your game as much as you like","name":"Empty Model"},"pt_BR":{"desc":"Este é um jogo em branco, você pode criar seu jogo o quanto quiser","name":"Modelo Vazio"},"ru_RU":{"desc":"Это пустая игра, вы можете создавать свою игру сколько угодно","name":"Пустой режим"},"zh_CN":{"desc":"这是一个空白的游戏，你可以尽情地创造你的游戏","name":"空白模板"}},"local_resource_name":"","name":"Empty Model","status":0,"templatePath":"/storage/emulated/0/SandBoxOL/BlockManEditor/config/template/5f2d336fc1a4690ef1d62737/5f2d336fc1a4690ef1d62737.zip","types":[5]}