{
    "dropItemList": [
        [
            "block",
            1,
            1,
            "myplugin/concrete_green",
            "block:myplugin/concrete_green",
            "concrete_green"
        ]
    ],
    "editBaseFunc": "block_breakTime",
    "breakTime": 20,
    "blockType": "stone",
    "texture": [
        "concrete_green.png",
        "concrete_green.png",
        "concrete_green.png",
        "concrete_green.png",
        "concrete_green.png",
        "concrete_green.png"
    ],
    "settingUI": {
        "tabList": [
            {
                "leftName": "editor.ui.baseProp",
                "wndName": "BaseProp"
            }
        ]
    },
    "base": "base_block"
}