{
    "dropItemList": [
        [
            "block",
            1,
            1,
            "myplugin/chain_command_block_front",
            "block:myplugin/chain_command_block_front",
            "chain_command_block_front"
        ]
    ],
    "editBaseFunc": "block_breakTime",
    "breakTime": 20,
    "texture": [
        "chain_command_block_front.png",
        "chain_command_block_front.png",
        "chain_command_block_front.png",
        "chain_command_block_front.png",
        "chain_command_block_front.png",
        "chain_command_block_front.png"
    ],
    "settingUI": {
        "tabList": [
            {
                "leftName": "editor.ui.baseProp",
                "wndName": "BaseProp"
            }
        ]
    },
    "base": "base_block"
}