{"block":{"gold_block":true,"stone_andesite_smooth":true,"vine_002":true,"cobblestone_wall_0":true,"web":true,"stone_brick_stairs02":true,"sandstone":true,"stone_slab":true,"glowstone":true,"grass":true,"diamond_block_0":true,"stone_brick_stairs03":true,"emerald_block":true,"planks_oak":true,"reeds":true,"Sand_brick_5":true,"invisible":true,"stonebrick":true,"obsidian":true,"double_wooden_slab":true,"stone_brick_slab_up":true},"buff":{"item_buff_iron_sword[handBuff":true,"item_buff_equip_leather_helmet[deDamage":true,"item_buff_diamond_sword[damage":true,"item_buff_diamond_sword[fire":true,"item_buff_diamond_axe[handBuff":true,"item_buff_diamond_pickaxe[pressing":true,"item_buff_gold_sword[deArmour":true,"item_buff_diamond_sword[deArmour":true,"item_buff_bow_standby_middle[fire":true,"item_buff_diamond_sword[handBuff":true,"item_buff_equip_pant_aurum[deDamage":true,"item_buff_equip_shoes_silver[equip_buff":true,"item_buff_equip_pant_silver[deDamage":true,"item_buff_equip_pant_diamond[equip_buff":true,"item_buff_equip_clothes_silver[deDamage":true,"in_lava_retard_buff":true,"item_buff_equip_pant_silver[equip_buff":true,"item_buff_equip_shoes_diamond[deDamage":true,"handbuff_bow_standby_middle":true,"item_buff_equip_leather_helmet[equip_buff":true,"handbuff_grenade":true,"item_buff_wood_sword[deArmour":true,"item_buff_gold_sword[handBuff":true,"item_buff_equip_clothes_silver[equip_buff":true,"item_buff_equip_shoes_aurum[equip_buff":true,"item_buff_blaze_rod[handBuff":true,"item_buff_equip_leather_leggings[equip_buff":true,"item_buff_diamond_axe[pressing":true,"item_buff_equip_shoes_diamond[equip_buff":true,"item_buff_equip_clothes_diamond[deDamage":true,"item_buff_food_meat_chicken[food_buff":true,"item_buff_equip_clothes_aurum[deDamage":true,"item_buff_equip_leather_leggings[deDamage":true,"item_buff_equip_leather_chestplate[deDamage":true,"item_buff_equip_shoes_aurum[deDamage":true,"item_buff_iron_sword[deArmour":true,"item_buff_equip_leather_boots[deDamage":true,"item_buff_equip_pant_aurum[equip_buff":true,"handbuff_bow_standby_high":true,"item_buff_gold_sword[fire":true,"item_buff_bow_standby_middle[damage":true,"item_buff_equip_pant_diamond[deDamage":true,"item_buff_equip_clothes_aurum[equip_buff":true,"item_buff_equip_leather_boots[equip_buff":true,"item_buff_diamond_pickaxe[handBuff":true,"item_buff_bow_standby_high[damage":true,"item_buff_wood_sword[handBuff":true,"item_buff_equip_leather_chestplate[equip_buff":true,"item_buff_equip_clothes_diamond[equip_buff":true},"entity":{"ghost":true,"skull":true,"turtleWitch":true,"merchant_2":true,"merchant_1":true,"turtle":true,"mushroomMonsterBig":true,"small_mushroom_monster":true,"sheep":true,"planks_birch":true,"hen":true,"new_big_chomper":true,"new_chomper_fire":true,"glass_0":true,"planks_jungle":true,"zombie":true,"merchant_4":true,"new_chomper":true,"flower":true,"resPoint":true,"ladybird_enable_fly":true,"pig":true},"item":{"equip_yellow_chestplate":true,"equip_yellow_boots":true,"grenade":true,"equip_red_boots":true,"equip_shoes_silver":true,"equip_yellow_helmet":true,"food_meat_chicken":true,"equip_green_leggings":true,"equip_blue_leggings":true,"equip_green_boots":true,"equip_pant_silver":true,"equip_clothes_diamond":true,"equip_blue_boots":true,"equip_leather_helmet":true,"equip_leather_leggings":true,"equip_green_chestplate":true,"wood_sword":true,"equip_leather_chestplate":true,"equip_leather_boots":true,"equip_red_leggings":true,"bow_standby_middle":true,"equip_blue_chestplate":true,"equip_red_helmet":true,"diamond_axe":true,"equip_pant_aurum":true,"equip_green_helmet":true,"diamond_sword":true,"iron_sword":true,"equip_clothes_silver":true,"equip_clothes_aurum":true,"equip_shoes_aurum":true,"equip_blue_helmet":true,"blaze_rod":true,"equip_shoes_diamond":true,"gold_sword":true,"diamond_pickaxe":true,"bow_standby_high":true,"equip_red_chestplate":true,"equip_pant_diamond":true,"equip_yellow_leggings":true},"skill":{"fire_ball_attack":true,"grenade_hit":true},"add_monster":{"main":true}}