{"merchantGroup":{},"editModePreCreateWndList":["mapEditItemBag2"],"chestSwitchItemInterval":1,"forcePickBlock":true,"preCreateWndList":["npc_chest","merchantstores"],"replay":false,"flyBtnSetting":{"dropItemGuardTime":20,"downArea":[[0,0],[0,0],[1,0],[0,120]],"upArea":[[0,0],[0,0],[1,0],[0,120]],"area":[[0,-20],[0,-36],[0,192],[0,210]],"hideJumpWhenFly":true},"needSave":true,"blockSectionDealwithDirtyRadiusToView":40,"isDragControl":true,"isShowRank":true,"minPlayers":1,"qualityLevelData":{"minLevel":[0,0,2,1,-0.00132,2,4.1,1,0,0,-0.00132,0.26,1,0,0.1,0,1,0,2,1,0,2,1,0,0,0],"midLevel":[1,0,1,0,0.00132,2,2.3,1,0,0,0.00132,0.4,1,0,0.1,0,1,1,2,1,0,2,1,0,1,1],"maxLevel":[2,0,0.6,0.68,0.00132,3,1.4,1,1,0,0.00132,0.43,1,0,0.1,1,1,2,2,1,0,2,1,0,1,1]},"jumpIcon":"set:bed_mainui_icon.json image:icon_jump_nor.png","supportSimilarCalculate":true,"allCanAbandon":true,"compositeEnable":false,"revivePos":[{"y":57.5,"map":"map-1593519096","x":28.188264846802,"z":27.433616638184}],"cameraCfg":{"viewModeConfig":[{"enable":true},{"enable":true,"distance":4.5},{"enable":false}],"defaultView":1,"canSwitchView":true},"gameOverCondition":{"otherAllDie":false,"timeOver":{"value":"score","enable":false},"killCount":{"value":10,"enable":false},"attainScore":{"value":10000,"enable":false},"noCondition":true},"isRandomAddMonster":false,"chestSwitchItemAnimationTime":10,"customProp":{"deArmour":0,"deDamage":0,"oriDamage":0},"openComposite":false,"useNewUI":true,"isShowCountDown":true,"initPos":{"y":57.5,"map":"map-1593519096","x":27.688264846802,"z":26.433616638184},"jumpControlConfig":{"jumpPushImage":{"name":"bed_mainui_icon\/icon_jump_act"},"useGroup":"imagesets","area":[[0,100],[0,60],[0,200],[0,200]],"jumpImage":{"name":"bed_mainui_icon\/icon_jump_nor"}},"unlimitedRes":false,"systemSkill":[{"fullName":"\/attack","type":"MeleeAttack","castSound":{"path":"resource\/sound\/player_attack.mp3","sound":"","loop":false,"selfOnly":false,"delayTime":18,"volume":0.3},"priority":-1},{"fullName":"\/click","type":"Click","clickAirCast":true,"castSound":{"path":"resource\/sound\/player_attack.mp3","sound":"","loop":false,"selfOnly":false,"delayTime":18,"volume":0.3},"priority":-2},{"fullName":"\/break","type":"BreakBlock","priority":1001},{"fullName":"\/place","type":"PlaceBlock","priority":1002},{"fullName":"\/place_test","test":true,"type":"PlaceBlock","priority":1003},{"fullName":"\/useitem","type":"UseItem","priority":999},{"fullName":"\/empty","castActionTime":-1,"type":"Base","isClick":true,"castAction":"attack2","castSound":{"path":"resource\/sound\/player_wave.mp3","sound":"","loop":false,"selfOnly":false,"delayTime":18,"volume":0.5},"priority":1007},{"fullName":"\/jump_trigger","broadcast":false,"objTrigger":"ENTITY_JUMP","type":"Base","cdTime":10,"castAction":"","isJump":true,"priority":1008}],"killReward":{"addItem":{},"addScore":{"score":1,"enable":false}},"skyBox":{"night":{"stage":"night","rotate":{"y":30,"x":0,"z":0},"texture":"night"},"day":{"stage":"day","rotate":{"y":30,"x":0,"z":0},"texture":"Sky03"},"mod":"day","dayAndNight":[{"transition":1,"stage":"day","time":0,"texture":["Sky03_right.png","Sky03_left.png","Sky03_top.png","Sky03_bottom.png","Sky03_back.png","Sky03_front.png"]},{"transition":1,"stage":"day","time":10,"texture":["dusk_right.png","dusk_left.png","dusk_top.png","dusk_bottom.png","dusk_back.png","dusk_front.png"]},{"transition":1,"stage":"night","time":11,"texture":["night_right.png","night_left.png","night_top.png","night_bottom.png","night_back.png","night_front.png"]},{"transition":1,"stage":"day","time":22,"texture":["Sky02_right.png","Sky02_left.png","Sky02_top.png","Sky02_bottom.png","Sky02_back.png","Sky02_front.png"]}]},"itemGuardTime":20,"canJoinMidway":false,"nowTime":0,"dragControlConfig":{"useDragControl":true,"dragImageUseGroup":"imagesets","dragPointArray":[13,16,19,50],"dragAreaStartPoint":[0,0],"dragNormalImage":"direction_control\/drag_bg","dragPushImage":"direction_control\/drag_bg","fixedPointInCenter":true,"dragPointImageConfig":{"prx":"direction_control\/drag_point_"}},"monsterMissDuringDay":false,"isLatestModification":true,"hideCloud":false,"testMap":"map-1593519096","waterRuinsBlock":{"lava":{"myplugin\/flower_tulip_pink":true,"myplugin\/wheat_stage_7":true,"myplugin\/double_plant_rose_top":true,"myplugin\/double_plant_paeonia_top":true,"myplugin\/pumpkin_face_off_3":true,"myplugin\/double_plant_rose_bottom":true,"myplugin\/flower_tulip_orange":true,"myplugin\/yellow_flower":true,"myplugin\/wheat_stage_6":true,"myplugin\/beetroots_stage_1":true,"myplugin\/carrots_stage_2":true,"myplugin\/double_plant_paeonia_bottom":true,"myplugin\/leaves_oak_opaque":true,"myplugin\/strawb_erry_stage_5":true,"myplugin\/web":true,"myplugin\/leaves_birch":true,"myplugin\/wheat_stage_3":true,"myplugin\/potatoes_stage_2":true,"myplugin\/wheat_stage_2":true,"myplugin\/tallgrass":true,"myplugin\/oxeye_daisy":true,"myplugin\/vine_002":true,"myplugin\/wheat_stage_4":true,"myplugin\/waterlily":true,"myplugin\/vine_7":true,"myplugin\/brown_mushroom":true,"myplugin\/blue_orchid":true,"myplugin\/double_plant_sunflower_front":true,"myplugin\/leaves_oak":true,"myplugin\/vine_4":true,"myplugin\/deadbush":true,"myplugin\/vine_2":true,"myplugin\/vine_1":true,"myplugin\/double_plant_syringa_bottom":true,"myplugin\/leaves_acacia_opaque":true,"myplugin\/leaves_birch_opaque":true,"myplugin\/carrots_stage_3":true,"myplugin\/cactus":true,"myplugin\/sapling_oak":true,"myplugin\/leaves_jungle_opaque":true,"myplugin\/double_plant_sunflower_back":true,"myplugin\/azure_bluet":true,"myplugin\/reeds":true,"myplugin\/red_mushroom":true,"myplugin\/flower_tulip_white":true,"myplugin\/red_flower":true,"myplugin\/pine_stage_3":true,"myplugin\/potatoes_stage_3":true,"myplugin\/fern":true,"myplugin\/potatoes_stage_1":true,"myplugin\/leaves_spruce_nodecay":true,"myplugin\/leaves_spruce":true,"myplugin\/leaves_oak_01":true,"myplugin\/double_plant_fern_bottom":true,"myplugin\/flower_tulip_red":true,"myplugin\/beetroots_stage_2":true,"myplugin\/wheat_stage_5":true,"myplugin\/double_plant_grass_bottom":true,"myplugin\/carrots_stage_1":true},"water":{"myplugin\/flower_tulip_pink":true,"myplugin\/wheat_stage_7":true,"myplugin\/double_plant_rose_top":true,"myplugin\/double_plant_paeonia_top":true,"myplugin\/pumpkin_face_off_3":true,"myplugin\/double_plant_rose_bottom":true,"myplugin\/flower_tulip_orange":true,"myplugin\/yellow_flower":true,"myplugin\/wheat_stage_6":true,"myplugin\/beetroots_stage_1":true,"myplugin\/carrots_stage_2":true,"myplugin\/double_plant_paeonia_bottom":true,"myplugin\/leaves_oak_opaque":true,"myplugin\/strawb_erry_stage_5":true,"myplugin\/web":true,"myplugin\/leaves_birch":true,"myplugin\/wheat_stage_3":true,"myplugin\/potatoes_stage_2":true,"myplugin\/wheat_stage_2":true,"myplugin\/tallgrass":true,"myplugin\/oxeye_daisy":true,"myplugin\/vine_002":true,"myplugin\/wheat_stage_4":true,"myplugin\/waterlily":true,"myplugin\/vine_7":true,"myplugin\/brown_mushroom":true,"myplugin\/blue_orchid":true,"myplugin\/double_plant_sunflower_front":true,"myplugin\/leaves_oak":true,"myplugin\/vine_4":true,"myplugin\/deadbush":true,"myplugin\/vine_2":true,"myplugin\/vine_1":true,"myplugin\/double_plant_syringa_bottom":true,"myplugin\/leaves_acacia_opaque":true,"myplugin\/leaves_birch_opaque":true,"myplugin\/carrots_stage_3":true,"myplugin\/cactus":true,"myplugin\/sapling_oak":true,"myplugin\/leaves_jungle_opaque":true,"myplugin\/double_plant_sunflower_back":true,"myplugin\/azure_bluet":true,"myplugin\/reeds":true,"myplugin\/red_mushroom":true,"myplugin\/flower_tulip_white":true,"myplugin\/red_flower":true,"myplugin\/pine_stage_3":true,"myplugin\/potatoes_stage_3":true,"myplugin\/fern":true,"myplugin\/potatoes_stage_1":true,"myplugin\/leaves_spruce_nodecay":true,"myplugin\/leaves_spruce":true,"myplugin\/leaves_oak_01":true,"myplugin\/double_plant_fern_bottom":true,"myplugin\/flower_tulip_red":true,"myplugin\/beetroots_stage_2":true,"myplugin\/wheat_stage_5":true,"myplugin\/double_plant_grass_bottom":true,"myplugin\/carrots_stage_1":true}},"editorPlayerCfg":"myplugin\/editor_player1","plugins":["editor_template"],"isEditorGame":true,"waitStartTime":0,"reportTime":400,"blockCanBreak":true,"bridgeEggBlockCount":20,"jumpProgressIcon":"set:bed_mainui_icon.json image:icon_jump_act.png","waitGoTime":0,"defaultMap":"map-1593519096","viewMode":4,"playerDeathCanTouchMain":true,"bridgeEggPreviewColor":[1,1,0,0.5],"viewBobbing":true,"onlySaveData":["rankScoreRecord","wallet"],"dragPushImage":"set:direction_control.json image:drag_bg.png","bagCap":45,"dropDistance":2.1,"itemDropOnDie":true,"alwaysHideSneak":true,"inviteLink":"https:\/\/discord.com\/invite\/bce5tpV","allMapEnableActorReceiveBlockLight":true,"threadRespondEventMaxNum":100,"enableTwiceJump":false,"teammateHurt":false,"automatch":true,"startPos":[{"y":57.5,"map":"map-1593519096","x":27.188264846802,"z":27.433616638184}],"canBlockPutInWater":true,"skillJack":{"hideBJack":true,"sectorSkills":[{"endAngle":350,"startAngle":260,"radius":160,"jackNum":3,"jackSize":75}],"AJackArea":[[0,-41],[0,-96],[0,150],[0,150]],"scatteredSkills":[{"posKey":"fly","vAlign":0,"hAlign":2,"area":[[0,-30],[0,160],[0,60],[0,60]]},{"posKey":"move","vAlign":0,"hAlign":2,"area":[[0,-30],[0,235],[0,60],[0,60]]}]},"showButtonShopType":"commodity","saveMapPos":false,"saveGameData":false,"playTime":-1,"waitPlayerTime":200,"isOpenImmue":false,"rebirth":{"times":-1,"time":20},"useNewQuadConfig":true,"hidehandItemName":true,"dynamicBrightness":{"day":[{"brightness":{"y":0.6,"x":0.6,"z":0.6},"time":0,"transition":1}],"night":[{"brightness":{"y":0.1,"x":0.1,"z":0.1},"time":0,"transition":1}],"dayAndNight":[{"brightness":{"y":0.6,"x":0.6,"z":0.6},"time":0,"transition":1},{"brightness":{"y":0.3,"x":0.3,"z":0.3},"time":10,"transition":1},{"brightness":{"y":0.1,"x":0.1,"z":0.1},"time":11,"transition":1},{"brightness":{"y":0.5,"x":0.5,"z":0.5},"time":22,"transition":1}]},"resourcesMod":"basic","abandonTouchTime":5,"playerDeathShowUI":["toolbar"],"ignoreEmptyStartPos":false,"playerCfg":"myplugin\/player1","personalSettingUI":{"guiSize":false,"jumpSneakState":false},"personalShop":false,"hideItemBar":false,"vars":{"team":{},"global":{},"item":{},"region":{},"map":{},"__OBJ_TYPE":{},"entity":[{"save":false,"value":0,"key":"rebirthTimes"},{"save":false,"value":-10,"key":"reduceRebirthTime"},{"save":false,"value":0,"key":"score"},{"save":false,"value":2,"key":"life"},{"save":false,"value":0,"key":"wearAttachId"}]},"enableSprintEvent":true,"hurtCemaraEffect":true,"oneDayTime":600,"playerInfoUI":{"isNeedPoint":false,"style":"default","isShowHp":true,"isShowExp":false,"isShowFood":true},"dragNormalImage":"set:direction_control.json image:drag_bg.png","maxPlayers":20,"mapPatchProp":{"saveTimerTime":6000,"saveTimeInterval":6000,"saveOperatCountInterval":50},"itemDropMod":"all","leaveIcon":"set:battle_information.json image:icon_leave","bedBreakReward":{"addItem":{},"addScore":{"score":100,"enable":false}},"deadCountDownUIProp":{"textUIArea":[[0,0],[0.3,0],[1,0],[0.5,0]],"fontSize":"HT10"},"moveStateConfig":{"isShow":false},"itemdropSpeed":0.1,"ranks":[{"type":2,"subRanks":[{"expireType":"Hist","keySufType":"Hist","size":50,"orderByDesc":true,"keyPrefix":"dynamic"}]}],"basicEquip":{},"hotSpring":{"diameter":5,"regionCfg":"myplugin\/hot_spring_region"},"isTimeStopped":false,"bridgeEggBlockFullName":"myplugin\/wool_0","enableMapPatch":false,"isShowGlobalSetting":true,"dorpMoveTime":5,"destroySuccessPick":true,"merchantBuySound":"plugin\/myplugin\/media\/gold_buy_01.mp3","enableMapEvent":true,"actorName":"herotycoon_spiderman.actor","autoSaveTime":3600}