{"hpBarWidth":1,"beginMoveRunSkill":["myplugin\/moving_change_skill_1"],"fixedIncSprintSpeed":0.1,"waterline":0,"hurtSound":{"selfOnly":true,"sound":"","loop":false,"path":"resource\/sound\/player_attacked2.mp3","volume":0.5},"bodyTurnMax":360,"allowFly":false,"deadSound":{"selfOnly":false,"sound":"","loop":false,"delayTime":0,"volume":0},"idleProb":0,"eyeHeight":1.62,"canSquat":false,"canBoat":false,"jumpHeight":1.2,"deathEffect":{"effect":"death_boy.effect","time":50},"moveAcc":0.2,"hpBarHeight":0.2,"attackNpc":false,"enableDamageProtection":0,"canJump":true,"sprintBobbingAngle":0.5,"patrolDistance":0,"ignorePlayerSkin":false,"dropDamageStart":0.82,"autoAttack":false,"gravity":0.08,"hideHolder":false,"moveStateSwithSkillCfgs":[{"cfgKey":"skipSkill","newState":"IDLE","oldState":"SPRINT"},{"cfgKey":"beginMoveRunSkill","newState":"RUN","oldState":"ALL"},{"cfgKey":"endMoveRunSkill","newState":"IDLE","oldState":"RUN"},{"cfgKey":"beginMoveSprintSkill","newState":"SPRINT","oldState":"ALL"},{"cfgKey":"jumpSkill","newState":"JUMP","oldState":"ALL"},{"newState":"JUMP","oldState":"FALLING"},{"newState":"JUMP","oldState":"AERIAL"},{"cfgKey":"aerialLandingSkill","newState":"AERIAL","oldState":"ALL"},{"cfgKey":"aerialLandingSkill2","newState":"SWIMMING","oldState":"ALL"},{"cfgKey":"resetMoveStatus","newState":"IDLE","oldState":"EMPTY"}],"hpBarColor":4294967551,"movementUpdateBodyYaw":false,"jumpBobbingSpeed":0,"destroyTime":0,"maxVp":100,"walkBobbingSpeed":1,"collision":false,"dropDamageEnable":true,"homeSize":0,"aerialLandingSkill2":["myplugin\/aerial_landing_skill"],"hurtResistantTime":18,"walkBobbingRange":0.35,"collisionCamp":3,"jumpBobbingRange":0,"damage":0,"hideDeepOther":0.01,"walkBobbingAngle":0.5,"twiceJumpSkill":"myplugin\/twice_jump_skill","disableShadow":true,"name":"0dde4c98-bde4-22ab-d62d-8a3c8faf4b9e","swimSpeed":0.2,"swimmingBuff":["myplugin\/swimmingBuff"],"aerialLandingSkill":["myplugin\/aerial_landing_skill"],"stepHeight":0.6,"sprintBobbingSpeed":1.2,"sprintBobbingRange":0.8,"moveFactor":1,"skipSkill":["myplugin\/moving_change_skill","myplugin\/moving_change_skill_1"],"moveSpeedRelatedBuffs":{"myplugin\/in_lava_retard_buff":-0.2},"clickBlockDistance":5,"skills":{},"skillList":{},"resetMoveStatus":["myplugin\/reset_move_status"],"posSyncDelay":1,"climbBuff":["myplugin\/run_ladder"],"attackFeedback":{"hideSmooth":true,"hideTime":40,"hitPlayer":true,"hitNpc":true},"jumpSpeed":0.6,"boundingVolume":{"type":"Box","params":[0.6,1.8,0.6]},"fly2swim":["myplugin\/fly2swim"],"touchdownDamage":10000,"jumpBobbingAngle":0,"idleTime":[0,0],"moveStateSwithBuffCfgs":[{"cfgKey":"climbBuff","newState":"CLIMB","oldState":"ALL"},{"cfgKey":"fly2swim","newState":"SWIMMING_IDLE","oldState":"FLY"}],"canSprint":false,"canAttackObject":true,"hideHp":0,"canClick":false,"oriDamage":3,"desc":"{}\n","loadHp":false,"endMoveRunSkill":["myplugin\/moving_change_skill_1"],"infoValues":[{"value":"hpPercent","name":"gui.info.hp"},{"value":"TemporaryShield","name":"gui.info.prop.shield"},{"name":"gui.info.prop.defense","langKey":"{[0-9]+}","value":"prop.defense"},{"value":"AttackDamage","name":"gui.info.prop.damage"},{"name":"gui.info.prop.moveSpeed","multiply":100,"value":"prop.moveSpeed"},{"value":"prop.jumpSpeed","name":"gui.info.prop.jumpSpeed"},{"value":"ValEfficient","name":"gui.info.prop.efficient"},{"value":"ValHurtDistance","name":"gui.info.prop.hurtDistance"}],"maxHp":20,"jumpSkill":["myplugin\/take_off_skill"],"canTouch":false,"loadVp":false,"canPickOnDie":false,"bodyTurnMin":1,"damageProtectionTime":40,"clickDistance":4,"disableTemporaryShieldBar":false,"~actorName":"editor_boy.actor","hurtTime":5,"ignoreVpConsume":0,"beginMoveSprintSkill":["myplugin\/moving_change_skill_1"],"beAttackedFeedback":{"hideSmooth":true,"fromPlayer":true,"fromNpc":true,"hideTime":15},"baseDesc":"","chaseDistance":0,"defaultSkills":["\/click","\/attack","\/break","\/empty"],"equipTrays":[1,2,3,4],"deathHideTime":0,"canMove":true,"enableAI":false,"trays":[{"type":1,"maxCap":1,"class":"equip","cap":1},{"type":2,"maxCap":1,"class":"equip","cap":1},{"type":3,"maxCap":1,"class":"equip","cap":1},{"type":4,"maxCap":1,"class":"equip","cap":1}],"actorName":"editor_boy.actor","moveSpeed":0.2}