{
    "dropItemList": [
        [
            "block",
            1,
            1,
            "myplugin/brown_mushroom_block",
            "block:myplugin/brown_mushroom_block",
            "brown_mushroom_block"
        ]
    ],
    "editBaseFunc": "block_breakTime",
    "breakTime": 20,
    "texture": [
        "mushroom_block_inside.png",
        "mushroom_block_inside.png",
        "mushroom_block_inside.png",
        "mushroom_block_inside.png",
        "mushroom_block_inside.png",
        "mushroom_block_inside.png"
    ],
    "settingUI": {
        "tabList": [
            {
                "leftName": "editor.ui.baseProp",
                "wndName": "BaseProp"
            }
        ]
    },
    "base": "base_block"
}