{
    "base": "base_block",
    "basePropDesc": {
        "block.die.drop.title": [
            [
                [
                    "block",
                    1,
                    1,
                    "myplugin/accelerate",
                    "block:myplugin/accelerate",
                    "accelerate"
                ]
            ]
        ],
        "golden_apple_hardness": [
            1.0
        ]
    },
    "placeBlockSound": {
        "loop": false,
        "path": "resource/blocksound/stone_place.mp3",
        "sound": "",
        "volume": 1
    },
    "breakBlockSound": {
        "loop": true,
        "path": "resource/blocksound/glass_break.mp3",
        "sound": "",
        "volume": 1
    },
    "breakBlockAfterSound": {
        "loop": false,
        "path": "resource/blocksound/glass_final.mp3",
        "selfOnly": false,
        "sound": "",
        "volume": 1
    },
    "breakTime": 20,
    "desc": "{base_block_desc}\n{golden_apple_hardness}:1.0\n",
    "dropItemList": [
        [
            "block",
            1,
            1,
            "myplugin/accelerate",
            "block:myplugin/accelerate",
            "accelerate"
        ]
    ],
    "editBaseFunc": "block_breakTime",
    "onBuff": "myplugin/accelerate",
    "settingUI": {
        "tabList": [
            {
                "leftName": "editor.ui.baseProp",
                "wndName": "BaseProp"
            }
        ]
    },
    "texture": [
        "frosted_ice_0.png",
        "frosted_ice_0.png",
        "frosted_ice_0.png",
        "frosted_ice_0.png",
        "frosted_ice_0.png",
        "frosted_ice_0.png"
    ]
}