{
    "dropItemList": [
        [
            "block",
            1,
            1,
            "myplugin/cobblestone_wall1",
            "block:myplugin/cobblestone_wall1",
            "cobblestone_wall1"
        ]
    ],
    "isOpaqueFullCube": false,
    "breakTime": 20,
    "collisionBoxes": [
        {
            "max": {
                "z": 0.75,
                "x": 0.75,
                "y": 1
            },
            "min": {
                "z": 0.25,
                "x": 0.25,
                "y": 0
            }
        },
        {
            "max": {
                "z": 0.7,
                "x": 1,
                "y": 0.8
            },
            "min": {
                "z": 0.3,
                "x": 0.75,
                "y": 0
            }
        }
    ],
    "blockObjectOnCollision": false,
    "defaultTexture": "/block/cobblestone/cobblestone.png",
    "settingUI": {
        "tabList": [
            {
                "leftName": "editor.ui.baseProp",
                "wndName": "BaseProp"
            }
        ]
    },
    "lightOpacity": 15,
    "editBaseFunc": "block_breakTime",
    "quads": [
        {
            "pos": [
                {
                    "z": 0.3,
                    "x": 1,
                    "y": 0
                },
                {
                    "z": 0.3,
                    "x": 1,
                    "y": 0.8
                },
                {
                    "z": 0.7,
                    "x": 1,
                    "y": 0.8
                },
                {
                    "z": 0.7,
                    "x": 1,
                    "y": 0
                }
            ]
        },
        {
            "pos": [
                {
                    "z": 0.3,
                    "x": 1,
                    "y": 0
                },
                {
                    "z": 0.3,
                    "x": 0.75,
                    "y": 0
                },
                {
                    "z": 0.3,
                    "x": 0.75,
                    "y": 0.8
                },
                {
                    "z": 0.3,
                    "x": 1,
                    "y": 0.8
                }
            ]
        },
        {
            "pos": [
                {
                    "z": 0.7,
                    "x": 1,
                    "y": 0
                },
                {
                    "z": 0.7,
                    "x": 0.75,
                    "y": 0
                },
                {
                    "z": 0.3,
                    "x": 0.75,
                    "y": 0
                },
                {
                    "z": 0.3,
                    "x": 1,
                    "y": 0
                }
            ]
        },
        {
            "pos": [
                {
                    "z": 0.7,
                    "x": 0.75,
                    "y": 0.8
                },
                {
                    "z": 0.7,
                    "x": 0.75,
                    "y": 0
                },
                {
                    "z": 0.7,
                    "x": 1,
                    "y": 0
                },
                {
                    "z": 0.7,
                    "x": 1,
                    "y": 0.8
                }
            ]
        },
        {
            "pos": [
                {
                    "z": 0.3,
                    "x": 0.75,
                    "y": 0.8
                },
                {
                    "z": 0.7,
                    "x": 0.75,
                    "y": 0.8
                },
                {
                    "z": 0.7,
                    "x": 1,
                    "y": 0.8
                },
                {
                    "z": 0.3,
                    "x": 1,
                    "y": 0.8
                }
            ]
        },
        {
            "pos": [
                {
                    "z": 0.75,
                    "x": 0.25,
                    "y": 1
                },
                {
                    "z": 0.75,
                    "x": 0.25,
                    "y": 0
                },
                {
                    "z": 0.75,
                    "x": 0.75,
                    "y": 0
                },
                {
                    "z": 0.75,
                    "x": 0.75,
                    "y": 1
                }
            ]
        },
        {
            "pos": [
                {
                    "z": 0.75,
                    "x": 0.75,
                    "y": 1
                },
                {
                    "z": 0.75,
                    "x": 0.75,
                    "y": 0
                },
                {
                    "z": 0.25,
                    "x": 0.75,
                    "y": 0
                },
                {
                    "z": 0.25,
                    "x": 0.75,
                    "y": 1
                }
            ]
        },
        {
            "pos": [
                {
                    "z": 0.25,
                    "x": 0.75,
                    "y": 1
                },
                {
                    "z": 0.25,
                    "x": 0.75,
                    "y": 0
                },
                {
                    "z": 0.25,
                    "x": 0.25,
                    "y": 0
                },
                {
                    "z": 0.25,
                    "x": 0.25,
                    "y": 1
                }
            ]
        },
        {
            "pos": [
                {
                    "z": 0.25,
                    "x": 0.25,
                    "y": 1
                },
                {
                    "z": 0.25,
                    "x": 0.25,
                    "y": 0
                },
                {
                    "z": 0.75,
                    "x": 0.25,
                    "y": 0
                },
                {
                    "z": 0.75,
                    "x": 0.25,
                    "y": 1
                }
            ]
        },
        {
            "pos": [
                {
                    "z": 0.25,
                    "x": 0.25,
                    "y": 1
                },
                {
                    "z": 0.75,
                    "x": 0.25,
                    "y": 1
                },
                {
                    "z": 0.75,
                    "x": 0.75,
                    "y": 1
                },
                {
                    "z": 0.25,
                    "x": 0.75,
                    "y": 1
                }
            ]
        },
        {
            "pos": [
                {
                    "z": 0.75,
                    "x": 0.25,
                    "y": 0
                },
                {
                    "z": 0.25,
                    "x": 0.25,
                    "y": 0
                },
                {
                    "z": 0.25,
                    "x": 0.75,
                    "y": 0
                },
                {
                    "z": 0.75,
                    "x": 0.75,
                    "y": 0
                }
            ]
        }
    ],
    "base": "base_block"
}