{"settingUI":{"tabList":[{"wndName":"BaseProp","leftName":"editor.ui.baseProp"}]},"breakBlockAfterSound":{"sound":"","path":"resource\/blocksound\/stone_final.mp3","selfOnly":false,"loop":false,"volume":1},"breakBlockSound":{"loop":true,"path":"resource\/blocksound\/stone_break.mp3","sound":"","volume":1},"basePropDesc":{"golden_apple_hardness":[1],"block.die.drop.title":[[["block",1,1,"myplugin\/cobblestone_wall_0","block:myplugin\/cobblestone_wall_0","myplugin\/cobblestone_wall_0_itemname"]]]},"placeBlockSound":{"loop":false,"path":"resource\/blocksound\/stone_place.mp3","sound":"","volume":1},"desc":"{base_block_desc}\n{golden_apple_hardness}:1\n","blockType":"stone","blockObjectOnCollision":false,"base":"base_block","isOpaqueFullCube":false,"editBaseFunc":"block_breakTime","defaultTexture":"cobblestone_cobblestone_wall_0.png","dropItemList":[["block",1,1,"myplugin\/cobblestone_wall_0","block:myplugin\/cobblestone_wall_0","myplugin\/cobblestone_wall_0_itemname"]],"itemname":"myplugin\/cobblestone_wall_0_itemname","collisionBoxes":[{"max":{"x":0.75,"z":0.75,"y":1},"min":{"x":0.25,"z":0.25,"y":0}}],"quads":[{"pos":[{"x":0.25,"z":0.75,"y":1},{"x":0.25,"z":0.75,"y":0},{"x":0.75,"z":0.75,"y":0},{"x":0.75,"z":0.75,"y":1}]},{"pos":[{"x":0.75,"z":0.75,"y":1},{"x":0.75,"z":0.75,"y":0},{"x":0.75,"z":0.25,"y":0},{"x":0.75,"z":0.25,"y":1}]},{"pos":[{"x":0.75,"z":0.25,"y":1},{"x":0.75,"z":0.25,"y":0},{"x":0.25,"z":0.25,"y":0},{"x":0.25,"z":0.25,"y":1}]},{"pos":[{"x":0.25,"z":0.25,"y":1},{"x":0.25,"z":0.25,"y":0},{"x":0.25,"z":0.75,"y":0},{"x":0.25,"z":0.75,"y":1}]},{"pos":[{"x":0.25,"z":0.25,"y":1},{"x":0.25,"z":0.75,"y":1},{"x":0.75,"z":0.75,"y":1},{"x":0.75,"z":0.25,"y":1}]},{"pos":[{"x":0.25,"z":0.75,"y":0},{"x":0.25,"z":0.25,"y":0},{"x":0.75,"z":0.25,"y":0},{"x":0.75,"z":0.75,"y":0}]}],"lightOpacity":15,"breakTime":20}