{
    "dropItemList": [
        [
            "block",
            1,
            1,
            "myplugin/cocoa_stage_2",
            "block:myplugin/cocoa_stage_2",
            "cocoa_stage_2"
        ]
    ],
    "editBaseFunc": "block_breakTime",
    "breakTime": 20,
    "settingUI": {
        "tabList": [
            {
                "leftName": "editor.ui.baseProp",
                "wndName": "BaseProp"
            }
        ]
    },
    "isOpaqueFullCube": false,
    "lightOpacity": 0,
    "quads": [
        {
            "pos": [
                {
                    "z": 0.8,
                    "x": 0,
                    "y": 1
                },
                {
                    "z": 0.8,
                    "x": 0,
                    "y": 0
                },
                {
                    "z": 0.8,
                    "x": 1,
                    "y": 0
                },
                {
                    "z": 0.8,
                    "x": 1,
                    "y": 1
                }
            ],
            "texture": "cocoa_stage_2.png"
        }
    ],
    "base": "base_block"
}