{
    "CombinationID": 2,
    "editBaseFunc": "block_breakTime",
    "breakTime": 20,
    "collisionBoxes": [
        {
            "max": {
                "z": 1,
                "x": 1,
                "y": 1
            },
            "min": {
                "z": 0.85,
                "x": 0,
                "y": 0
            }
        }
    ],
    "cannotStack": true,
    "blockObjectOnCollision": false,
    "settingUI": {
        "tabList": [
            {
                "leftName": "editor.ui.baseProp",
                "wndName": "BaseProp"
            }
        ]
    },
    "lightOpacity": 0,
    "isOpaqueFullCube": false,
    "quads": [
        {
            "pos": [
                {
                    "z": 0.92,
                    "x": 0,
                    "y": 1
                },
                {
                    "z": 0.92,
                    "x": 0,
                    "y": 0
                },
                {
                    "z": 0.92,
                    "x": 1,
                    "y": 0
                },
                {
                    "z": 0.92,
                    "x": 1,
                    "y": 1
                }
            ],
            "texture": "men_zhengshang.png"
        },
        {
            "pos": [
                {
                    "z": 0.99,
                    "x": 0,
                    "y": 1
                },
                {
                    "z": 0.99,
                    "x": 0,
                    "y": 0
                },
                {
                    "z": 0.99,
                    "x": 1,
                    "y": 0
                },
                {
                    "z": 0.99,
                    "x": 1,
                    "y": 1
                }
            ],
            "texture": "men_zhengshang.png"
        },
        {
            "pos": [
                {
                    "x": 0,
                    "y": 1,
                    "z": 0.92
                },
                {
                    "x": 0,
                    "y": 0,
                    "z": 0.92
                },
                {
                    "x": 0,
                    "y": 0,
                    "z": 0.99
                },
                {
                    "x": 0,
                    "y": 1,
                    "z": 0.99
                }
            ],
            "texture": "men_cexia.png"
        },
        {
            "pos": [
                {
                    "x": 1,
                    "y": 1,
                    "z": 0.92
                },
                {
                    "x": 1,
                    "y": 1,
                    "z": 0.99
                },
                {
                    "x": 1,
                    "y": 0,
                    "z": 0.99
                },
                {
                    "x": 1,
                    "y": 0,
                    "z": 0.92
                }
            ],
            "texture": "men_cexia.png"
        },
        {
            "pos": [
                {
                    "x": 0,
                    "y": 0.01,
                    "z": 0.92
                },
                {
                    "x": 0,
                    "y": 0.01,
                    "z": 0.99
                },
                {
                    "x": 1,
                    "y": 0.01,
                    "z": 0.99
                },
                {
                    "x": 1,
                    "y": 0.01,
                    "z": 0.92
                }
            ],
            "texture": "men_cexia.png"
        },
        {
            "pos": [
                {
                    "x": 0.34,
                    "y": 1,
                    "z": 0.92
                },
                {
                    "x": 0.34,
                    "y": 0,
                    "z": 0.92
                },
                {
                    "x": 0.34,
                    "y": 0,
                    "z": 0.99
                },
                {
                    "x": 0.34,
                    "y": 1,
                    "z": 0.99
                }
            ],
            "texture": "men_ceshang.png"
        },
        {
            "pos": [
                {
                    "x": 0.42,
                    "y": 1,
                    "z": 0.92
                },
                {
                    "x": 0.42,
                    "y": 0,
                    "z": 0.92
                },
                {
                    "x": 0.42,
                    "y": 0,
                    "z": 0.99
                },
                {
                    "x": 0.42,
                    "y": 1,
                    "z": 0.99
                }
            ],
            "texture": "men_ceshang.png"
        },
        {
            "pos": [
                {
                    "x": 0.59,
                    "y": 1,
                    "z": 0.92
                },
                {
                    "x": 0.59,
                    "y": 0,
                    "z": 0.92
                },
                {
                    "x": 0.59,
                    "y": 0,
                    "z": 0.99
                },
                {
                    "x": 0.59,
                    "y": 1,
                    "z": 0.99
                }
            ],
            "texture": "men_ceshang.png"
        },
        {
            "pos": [
                {
                    "x": 0.67,
                    "y": 1,
                    "z": 0.92
                },
                {
                    "x": 0.67,
                    "y": 0,
                    "z": 0.92
                },
                {
                    "x": 0.67,
                    "y": 0,
                    "z": 0.99
                },
                {
                    "x": 0.67,
                    "y": 1,
                    "z": 0.99
                }
            ],
            "texture": "men_ceshang.png"
        },
        {
            "pos": [
                {
                    "x": 0,
                    "y": 1,
                    "z": 0.92
                },
                {
                    "x": 0,
                    "y": 1,
                    "z": 0.99
                },
                {
                    "x": 1,
                    "y": 1,
                    "z": 0.99
                },
                {
                    "x": 1,
                    "y": 1,
                    "z": 0.92
                }
            ],
            "texture": "men_cexia.png"
        }
    ],
    "dropItemList": [
        [
            "block",
            1,
            1,
            "myplugin/aa_door_down",
            "block:myplugin/aa_door_down",
            "aa_door_down"
        ]
    ],
    "placeCombination": [
        {
            "blockName": "myplugin/aa_door_down_180",
            "pos": {
                "x": 0,
                "y": 0,
                "z": 0
            }
        },
        {
            "blockName": "myplugin/aa_door_up_180",
            "pos": {
                "x": 0,
                "y": 1,
                "z": 0
            }
        }
    ],
    "enableEditorBuilding": false,
    "blockType": "wood",
    "canClick": true
}