{
    "dropItemList": [
        [
            "block",
            1,
            1,
            "myplugin/cauldron",
            "block:myplugin/cauldron",
            "cauldron"
        ]
    ],
    "isOpaqueFullCube": false,
    "breakTime": 20,
    "quads": [
        {
            "pos": [
                {
                    "z": 0,
                    "x": 1,
                    "y": 1
                },
                {
                    "z": 0,
                    "x": 1,
                    "y": 0
                },
                {
                    "z": 0,
                    "x": 0,
                    "y": 0
                },
                {
                    "z": 0,
                    "x": 0,
                    "y": 1
                }
            ],
            "texture": "cauldron_side.png"
        },
        {
            "pos": [
                {
                    "z": 1,
                    "x": 0,
                    "y": 1
                },
                {
                    "z": 1,
                    "x": 0,
                    "y": 0
                },
                {
                    "z": 1,
                    "x": 1,
                    "y": 0
                },
                {
                    "z": 1,
                    "x": 1,
                    "y": 1
                }
            ],
            "texture": "cauldron_side.png"
        },
        {
            "pos": [
                {
                    "z": 0,
                    "x": 0,
                    "y": 1
                },
                {
                    "z": 0,
                    "x": 0,
                    "y": 0
                },
                {
                    "z": 1,
                    "x": 0,
                    "y": 0
                },
                {
                    "z": 1,
                    "x": 0,
                    "y": 1
                }
            ],
            "texture": "cauldron_side.png"
        },
        {
            "pos": [
                {
                    "z": 1,
                    "x": 1,
                    "y": 1
                },
                {
                    "z": 1,
                    "x": 1,
                    "y": 0
                },
                {
                    "z": 0,
                    "x": 1,
                    "y": 0
                },
                {
                    "z": 0,
                    "x": 1,
                    "y": 1
                }
            ],
            "texture": "cauldron_side.png"
        },
        {
            "pos": [
                {
                    "z": 0,
                    "x": 0,
                    "y": 1
                },
                {
                    "z": 1,
                    "x": 0,
                    "y": 1
                },
                {
                    "z": 1,
                    "x": 1,
                    "y": 1
                },
                {
                    "z": 0,
                    "x": 1,
                    "y": 1
                }
            ],
            "texture": "cauldron_top.png"
        },
        {
            "pos": [
                {
                    "z": 0,
                    "x": 1,
                    "y": 0
                },
                {
                    "z": 1,
                    "x": 1,
                    "y": 0
                },
                {
                    "z": 1,
                    "x": 0,
                    "y": 0
                },
                {
                    "z": 0,
                    "x": 0,
                    "y": 0
                }
            ],
            "texture": "cauldron_bottom.png"
        },
        {
            "pos": [
                {
                    "z": 0,
                    "x": 1,
                    "y": 0.2
                },
                {
                    "z": 1,
                    "x": 1,
                    "y": 0.2
                },
                {
                    "z": 1,
                    "x": 0,
                    "y": 0.2
                },
                {
                    "z": 0,
                    "x": 0,
                    "y": 0.2
                }
            ],
            "texture": "cauldron_inner.png"
        }
    ],
    "settingUI": {
        "tabList": [
            {
                "leftName": "editor.ui.baseProp",
                "wndName": "BaseProp"
            }
        ]
    },
    "lightOpacity": 0,
    "editBaseFunc": "block_breakTime",
    "blockObjectOnCollision": false,
    "base": "base_block"
}