{
    "dropItemList": [
        [
            "block",
            1,
            1,
            "myplugin/concrete_powder_black",
            "block:myplugin/concrete_powder_black",
            "concrete_powder_black"
        ]
    ],
    "editBaseFunc": "block_breakTime",
    "breakTime": 20,
    "texture": [
        "concrete_powder_black.png",
        "concrete_powder_black.png",
        "concrete_powder_black.png",
        "concrete_powder_black.png",
        "concrete_powder_black.png",
        "concrete_powder_black.png"
    ],
    "settingUI": {
        "tabList": [
            {
                "leftName": "editor.ui.baseProp",
                "wndName": "BaseProp"
            }
        ]
    },
    "base": "base_block"
}