{
  "base": "oak_stairs04",
  "basePropDesc": {
    "block.die.drop.title": [
      [
        [
          "block",
          1,
          1,
          "myplugin/acacia_stairs05",
          "block:myplugin/acacia_stairs05",
          "myplugin/acacia_stairs05_itemname"
        ]
      ]
    ],
    "golden_apple_hardness": [
      1.0
    ]
  },
  "placeBlockSound": {
    "loop": false,
    "path": "resource/blocksound/tree_place.mp3",
    "sound": "",
    "volume": 1
  },
  "breakBlockSound": {
    "loop":true,
    "path":"resource/blocksound/tree_break.mp3",
    "sound":"",
    "volume":1
  },
  "breakBlockAfterSound": {
    "loop": false,
    "path": "resource/blocksound/tree_final.mp3",
    "selfOnly": false,
    "sound": "",
    "volume": 1
  },
  "blockType": "wood",
  "breakTime": 20,
  "defaultTexture": "/block/acacia_stairs/acacia.png",
  "desc": "{base_block_desc}\n{golden_apple_hardness}:1.0\n",
  "dropItemList": [
    [
      "block",
      1,
      1,
      "myplugin/acacia_stairs05",
      "block:myplugin/acacia_stairs05",
      "myplugin/acacia_stairs05_itemname"
    ]
  ],
  "editBaseFunc": "block_breakTime",
  "itemname": "myplugin/acacia_stairs05_itemname",
  "rotation": {
    "x": 0,
    "y": 270,
    "z": 0
  },
  "settingUI": {
    "tabList": [
      {
        "leftName": "editor.ui.baseProp",
        "wndName": "BaseProp"
      }
    ]
  }
}