{
  "base": "aa_door_down",
  "rotation": {
    "z": 0,
    "x": 0,
    "y": 180
  },
  "translation": {
    "x": 0,
    "y": 0,
    "z": 1
},
  "placeCombination": [
    {
      "blockName": "myplugin/aa_door_down_90",
      "pos": {
        "x": 0,
        "y": 0,
        "z": 0
      }
    },
    {
      "blockName": "myplugin/aa_door_up_90",
      "pos": {
        "x": 0,
        "y": 1,
        "z": 0
      }
    }
  ],
  "clickChangeBlock": "myplugin/aa_door_down_90"
}