{
    "dropItemList": [
        [
            "block",
            1,
            1,
            "myplugin/acacia_fence_gate_13",
            "block:myplugin/acacia_fence_gate_13",
            "acacia_fence_gate_13"
        ]
    ],
    "editBaseFunc": "block_breakTime",
    "breakTime": 20,
    "collisionBoxes": [
        {
            "min": {
                "z": 0,
                "x": 0.9,
                "y": 0
            },
            "max": {
                "z": 0.2,
                "x": 1,
                "y": 1
            }
        },
        {
            "min": {
                "z": 0.9,
                "x": 0,
                "y": 0
            },
            "max": {
                "z": 1,
                "x": 0.1,
                "y": 1
            }
        }
    ],
    "blockObjectOnCollision": false,
    "settingUI": {
        "tabList": [
            {
                "leftName": "editor.ui.baseProp",
                "wndName": "BaseProp"
            }
        ]
    },
    "lightOpacity": 15,
    "isOpaqueFullCube": false,
    "quads": [
        {
            "texture": "acacia_back_acacia_fence_gate_13.png",
            "pos": [
                {
                    "z": 0,
                    "x": 0.8,
                    "y": 1
                },
                {
                    "z": 0,
                    "x": 0.8,
                    "y": 0
                },
                {
                    "z": 0,
                    "x": 0.6,
                    "y": 0
                },
                {
                    "z": 0,
                    "x": 0.6,
                    "y": 1
                }
            ]
        },
        {
            "texture": "acacia_back_acacia_fence_gate_13.png",
            "pos": [
                {
                    "z": 0,
                    "x": 0.6,
                    "y": 1
                },
                {
                    "z": 0,
                    "x": 0.6,
                    "y": 0
                },
                {
                    "z": 0.2,
                    "x": 0.6,
                    "y": 0
                },
                {
                    "z": 0.2,
                    "x": 0.6,
                    "y": 1
                }
            ]
        },
        {
            "texture": "acacia_back_acacia_fence_gate_13.png",
            "pos": [
                {
                    "z": 0.2,
                    "x": 0.6,
                    "y": 1
                },
                {
                    "z": 0.2,
                    "x": 0.6,
                    "y": 0
                },
                {
                    "z": 0.2,
                    "x": 0.8,
                    "y": 0
                },
                {
                    "z": 0.2,
                    "x": 0.8,
                    "y": 1
                }
            ]
        },
        {
            "texture": "acacia_back_acacia_fence_gate_13.png",
            "pos": [
                {
                    "z": 0.2,
                    "x": 0.8,
                    "y": 1
                },
                {
                    "z": 0.2,
                    "x": 0.8,
                    "y": 0
                },
                {
                    "z": 0,
                    "x": 0.8,
                    "y": 0
                },
                {
                    "z": 0,
                    "x": 0.8,
                    "y": 1
                }
            ]
        },
        {
            "texture": "acacia_back_acacia_fence_gate_13.png",
            "pos": [
                {
                    "z": 0,
                    "x": 0.8,
                    "y": 1
                },
                {
                    "z": 0,
                    "x": 0.6,
                    "y": 1
                },
                {
                    "z": 0.2,
                    "x": 0.6,
                    "y": 1
                },
                {
                    "z": 0.2,
                    "x": 0.8,
                    "y": 1
                }
            ]
        },
        {
            "texture": "acacia_back_acacia_fence_gate_13.png",
            "pos": [
                {
                    "z": 0,
                    "x": 0.6,
                    "y": 0
                },
                {
                    "z": 0,
                    "x": 0.8,
                    "y": 0
                },
                {
                    "z": 0.2,
                    "x": 0.8,
                    "y": 0
                },
                {
                    "z": 0.2,
                    "x": 0.6,
                    "y": 0
                }
            ]
        },
        {
            "texture": "acacia_back_acacia_fence_gate_13.png",
            "pos": [
                {
                    "z": 0,
                    "x": 0.6,
                    "y": 0.9
                },
                {
                    "z": 0,
                    "x": 0.6,
                    "y": 0.7
                },
                {
                    "z": 0,
                    "x": 0,
                    "y": 0.7
                },
                {
                    "z": 0,
                    "x": 0,
                    "y": 0.9
                }
            ]
        },
        {
            "texture": "acacia_back_acacia_fence_gate_13.png",
            "pos": [
                {
                    "z": 0.2,
                    "x": 0,
                    "y": 0.9
                },
                {
                    "z": 0.2,
                    "x": 0,
                    "y": 0.7
                },
                {
                    "z": 0.2,
                    "x": 0.6,
                    "y": 0.7
                },
                {
                    "z": 0.2,
                    "x": 0.6,
                    "y": 0.9
                }
            ]
        },
        {
            "texture": "acacia_back_acacia_fence_gate_13.png",
            "pos": [
                {
                    "z": 0,
                    "x": 0.6,
                    "y": 0.9
                },
                {
                    "z": 0,
                    "x": 0,
                    "y": 0.9
                },
                {
                    "z": 0.2,
                    "x": 0,
                    "y": 0.9
                },
                {
                    "z": 0.2,
                    "x": 0.6,
                    "y": 0.9
                }
            ]
        },
        {
            "texture": "acacia_back_acacia_fence_gate_13.png",
            "pos": [
                {
                    "z": 0,
                    "x": 0,
                    "y": 0.9
                },
                {
                    "z": 0,
                    "x": 0,
                    "y": 0.7
                },
                {
                    "z": 0.2,
                    "x": 0,
                    "y": 0.7
                },
                {
                    "z": 0.2,
                    "x": 0,
                    "y": 0.9
                }
            ]
        },
        {
            "texture": "acacia_back_acacia_fence_gate_13.png",
            "pos": [
                {
                    "z": 0.2,
                    "x": 0.6,
                    "y": 0.7
                },
                {
                    "z": 0.2,
                    "x": 0,
                    "y": 0.7
                },
                {
                    "z": 0,
                    "x": 0,
                    "y": 0.7
                },
                {
                    "z": 0,
                    "x": 0.6,
                    "y": 0.7
                }
            ]
        },
        {
            "texture": "acacia_back_acacia_fence_gate_13.png",
            "pos": [
                {
                    "z": 0,
                    "x": 0.6,
                    "y": 0.4
                },
                {
                    "z": 0,
                    "x": 0.6,
                    "y": 0.2
                },
                {
                    "z": 0,
                    "x": 0,
                    "y": 0.2
                },
                {
                    "z": 0,
                    "x": 0,
                    "y": 0.4
                }
            ]
        },
        {
            "texture": "acacia_back_acacia_fence_gate_13.png",
            "pos": [
                {
                    "z": 0.2,
                    "x": 0,
                    "y": 0.4
                },
                {
                    "z": 0.2,
                    "x": 0,
                    "y": 0.2
                },
                {
                    "z": 0.2,
                    "x": 0.6,
                    "y": 0.2
                },
                {
                    "z": 0.2,
                    "x": 0.6,
                    "y": 0.4
                }
            ]
        },
        {
            "texture": "acacia_back_acacia_fence_gate_13.png",
            "pos": [
                {
                    "z": 0,
                    "x": 0.6,
                    "y": 0.4
                },
                {
                    "z": 0,
                    "x": 0,
                    "y": 0.4
                },
                {
                    "z": 0.2,
                    "x": 0,
                    "y": 0.4
                },
                {
                    "z": 0.2,
                    "x": 0.6,
                    "y": 0.4
                }
            ]
        },
        {
            "texture": "acacia_back_acacia_fence_gate_13.png",
            "pos": [
                {
                    "z": 0,
                    "x": 0,
                    "y": 0.4
                },
                {
                    "z": 0,
                    "x": 0,
                    "y": 0.2
                },
                {
                    "z": 0.2,
                    "x": 0,
                    "y": 0.2
                },
                {
                    "z": 0.2,
                    "x": 0,
                    "y": 0.4
                }
            ]
        },
        {
            "texture": "acacia_back_acacia_fence_gate_13.png",
            "pos": [
                {
                    "z": 0.2,
                    "x": 0.6,
                    "y": 0.2
                },
                {
                    "z": 0.2,
                    "x": 0,
                    "y": 0.2
                },
                {
                    "z": 0,
                    "x": 0,
                    "y": 0.2
                },
                {
                    "z": 0,
                    "x": 0.6,
                    "y": 0.2
                }
            ]
        },
        {
            "texture": "acacia_back_acacia_fence_gate_13.png",
            "pos": [
                {
                    "z": 0,
                    "x": 0.2,
                    "y": 0.7
                },
                {
                    "z": 0,
                    "x": 0.2,
                    "y": 0.4
                },
                {
                    "z": 0,
                    "x": 0,
                    "y": 0.4
                },
                {
                    "z": 0,
                    "x": 0,
                    "y": 0.7
                }
            ]
        },
        {
            "texture": "acacia_back_acacia_fence_gate_13.png",
            "pos": [
                {
                    "z": 0,
                    "x": 0,
                    "y": 0.7
                },
                {
                    "z": 0,
                    "x": 0,
                    "y": 0.4
                },
                {
                    "z": 0.2,
                    "x": 0,
                    "y": 0.4
                },
                {
                    "z": 0.2,
                    "x": 0,
                    "y": 0.7
                }
            ]
        },
        {
            "texture": "acacia_back_acacia_fence_gate_13.png",
            "pos": [
                {
                    "z": 0.2,
                    "x": 0,
                    "y": 0.7
                },
                {
                    "z": 0.2,
                    "x": 0,
                    "y": 0.4
                },
                {
                    "z": 0.2,
                    "x": 0.2,
                    "y": 0.4
                },
                {
                    "z": 0.2,
                    "x": 0.2,
                    "y": 0.7
                }
            ]
        },
        {
            "texture": "acacia_back_acacia_fence_gate_13.png",
            "pos": [
                {
                    "z": 0.2,
                    "x": 0.2,
                    "y": 0.7
                },
                {
                    "z": 0.2,
                    "x": 0.2,
                    "y": 0.4
                },
                {
                    "z": 0,
                    "x": 0.2,
                    "y": 0.4
                },
                {
                    "z": 0,
                    "x": 0.2,
                    "y": 0.7
                }
            ]
        },
        {
            "texture": "acacia_back_acacia_fence_gate_13.png",
            "pos": [
                {
                    "z": 0.8,
                    "x": 0.8,
                    "y": 1
                },
                {
                    "z": 0.8,
                    "x": 0.8,
                    "y": 0
                },
                {
                    "z": 0.8,
                    "x": 0.6,
                    "y": 0
                },
                {
                    "z": 0.8,
                    "x": 0.6,
                    "y": 1
                }
            ]
        },
        {
            "texture": "acacia_back_acacia_fence_gate_13.png",
            "pos": [
                {
                    "z": 0.8,
                    "x": 0.6,
                    "y": 1
                },
                {
                    "z": 0.8,
                    "x": 0.6,
                    "y": 0
                },
                {
                    "z": 1,
                    "x": 0.6,
                    "y": 0
                },
                {
                    "z": 1,
                    "x": 0.6,
                    "y": 1
                }
            ]
        },
        {
            "texture": "acacia_back_acacia_fence_gate_13.png",
            "pos": [
                {
                    "z": 1,
                    "x": 0.6,
                    "y": 1
                },
                {
                    "z": 1,
                    "x": 0.6,
                    "y": 0
                },
                {
                    "z": 1,
                    "x": 0.8,
                    "y": 0
                },
                {
                    "z": 1,
                    "x": 0.8,
                    "y": 1
                }
            ]
        },
        {
            "texture": "acacia_back_acacia_fence_gate_13.png",
            "pos": [
                {
                    "z": 1,
                    "x": 0.8,
                    "y": 1
                },
                {
                    "z": 1,
                    "x": 0.8,
                    "y": 0
                },
                {
                    "z": 0.8,
                    "x": 0.8,
                    "y": 0
                },
                {
                    "z": 0.8,
                    "x": 0.8,
                    "y": 1
                }
            ]
        },
        {
            "texture": "acacia_back_acacia_fence_gate_13.png",
            "pos": [
                {
                    "z": 0.8,
                    "x": 0.8,
                    "y": 1
                },
                {
                    "z": 0.8,
                    "x": 0.6,
                    "y": 1
                },
                {
                    "z": 1,
                    "x": 0.6,
                    "y": 1
                },
                {
                    "z": 1,
                    "x": 0.8,
                    "y": 1
                }
            ]
        },
        {
            "texture": "acacia_back_acacia_fence_gate_13.png",
            "pos": [
                {
                    "z": 1,
                    "x": 0.8,
                    "y": 0
                },
                {
                    "z": 1,
                    "x": 0.6,
                    "y": 0
                },
                {
                    "z": 0.8,
                    "x": 0.6,
                    "y": 0
                },
                {
                    "z": 0.8,
                    "x": 0.8,
                    "y": 0
                }
            ]
        },
        {
            "texture": "acacia_back_acacia_fence_gate_13.png",
            "pos": [
                {
                    "z": 0.8,
                    "x": 0.6,
                    "y": 0.9
                },
                {
                    "z": 0.8,
                    "x": 0.6,
                    "y": 0.7
                },
                {
                    "z": 0.8,
                    "x": 0,
                    "y": 0.7
                },
                {
                    "z": 0.8,
                    "x": 0,
                    "y": 0.9
                }
            ]
        },
        {
            "texture": "acacia_back_acacia_fence_gate_13.png",
            "pos": [
                {
                    "z": 0.8,
                    "x": 0,
                    "y": 0.9
                },
                {
                    "z": 0.8,
                    "x": 0,
                    "y": 0.7
                },
                {
                    "z": 1,
                    "x": 0,
                    "y": 0.7
                },
                {
                    "z": 1,
                    "x": 0,
                    "y": 0.9
                }
            ]
        },
        {
            "texture": "acacia_back_acacia_fence_gate_13.png",
            "pos": [
                {
                    "z": 1,
                    "x": 0,
                    "y": 0.9
                },
                {
                    "z": 1,
                    "x": 0,
                    "y": 0.7
                },
                {
                    "z": 1,
                    "x": 0.6,
                    "y": 0.7
                },
                {
                    "z": 1,
                    "x": 0.6,
                    "y": 0.9
                }
            ]
        },
        {
            "texture": "acacia_back_acacia_fence_gate_13.png",
            "pos": [
                {
                    "z": 0.8,
                    "x": 0.6,
                    "y": 0.9
                },
                {
                    "z": 0.8,
                    "x": 0,
                    "y": 0.9
                },
                {
                    "z": 1,
                    "x": 0,
                    "y": 0.9
                },
                {
                    "z": 1,
                    "x": 0.6,
                    "y": 0.9
                }
            ]
        },
        {
            "texture": "acacia_back_acacia_fence_gate_13.png",
            "pos": [
                {
                    "z": 1,
                    "x": 0.6,
                    "y": 0.7
                },
                {
                    "z": 1,
                    "x": 0,
                    "y": 0.7
                },
                {
                    "z": 0.8,
                    "x": 0,
                    "y": 0.7
                },
                {
                    "z": 0.8,
                    "x": 0.6,
                    "y": 0.7
                }
            ]
        },
        {
            "texture": "acacia_back_acacia_fence_gate_13.png",
            "pos": [
                {
                    "z": 0.8,
                    "x": 0.6,
                    "y": 0.4
                },
                {
                    "z": 0.8,
                    "x": 0.6,
                    "y": 0.2
                },
                {
                    "z": 0.8,
                    "x": 0,
                    "y": 0.2
                },
                {
                    "z": 0.8,
                    "x": 0,
                    "y": 0.4
                }
            ]
        },
        {
            "texture": "acacia_back_acacia_fence_gate_13.png",
            "pos": [
                {
                    "z": 0.8,
                    "x": 0,
                    "y": 0.4
                },
                {
                    "z": 0.8,
                    "x": 0,
                    "y": 0.2
                },
                {
                    "z": 1,
                    "x": 0,
                    "y": 0.2
                },
                {
                    "z": 1,
                    "x": 0,
                    "y": 0.4
                }
            ]
        },
        {
            "texture": "acacia_back_acacia_fence_gate_13.png",
            "pos": [
                {
                    "z": 1,
                    "x": 0,
                    "y": 0.4
                },
                {
                    "z": 1,
                    "x": 0,
                    "y": 0.2
                },
                {
                    "z": 1,
                    "x": 0.6,
                    "y": 0.2
                },
                {
                    "z": 1,
                    "x": 0.6,
                    "y": 0.4
                }
            ]
        },
        {
            "texture": "acacia_back_acacia_fence_gate_13.png",
            "pos": [
                {
                    "z": 0.8,
                    "x": 0.6,
                    "y": 0.4
                },
                {
                    "z": 0.8,
                    "x": 0,
                    "y": 0.4
                },
                {
                    "z": 1,
                    "x": 0,
                    "y": 0.4
                },
                {
                    "z": 1,
                    "x": 0.6,
                    "y": 0.4
                }
            ]
        },
        {
            "texture": "acacia_back_acacia_fence_gate_13.png",
            "pos": [
                {
                    "z": 1,
                    "x": 0.6,
                    "y": 0.2
                },
                {
                    "z": 1,
                    "x": 0,
                    "y": 0.2
                },
                {
                    "z": 0.8,
                    "x": 0,
                    "y": 0.2
                },
                {
                    "z": 0.8,
                    "x": 0.6,
                    "y": 0.2
                }
            ]
        },
        {
            "texture": "acacia_back_acacia_fence_gate_13.png",
            "pos": [
                {
                    "z": 0.8,
                    "x": 0.2,
                    "y": 0.7
                },
                {
                    "z": 0.8,
                    "x": 0.2,
                    "y": 0.4
                },
                {
                    "z": 0.8,
                    "x": 0,
                    "y": 0.4
                },
                {
                    "z": 0.8,
                    "x": 0,
                    "y": 0.7
                }
            ]
        },
        {
            "texture": "acacia_back_acacia_fence_gate_13.png",
            "pos": [
                {
                    "z": 0.8,
                    "x": 0,
                    "y": 0.7
                },
                {
                    "z": 0.8,
                    "x": 0,
                    "y": 0.4
                },
                {
                    "z": 1,
                    "x": 0,
                    "y": 0.4
                },
                {
                    "z": 1,
                    "x": 0,
                    "y": 0.7
                }
            ]
        },
        {
            "texture": "acacia_back_acacia_fence_gate_13.png",
            "pos": [
                {
                    "z": 1,
                    "x": 0,
                    "y": 0.7
                },
                {
                    "z": 1,
                    "x": 0,
                    "y": 0.4
                },
                {
                    "z": 1,
                    "x": 0.2,
                    "y": 0.4
                },
                {
                    "z": 1,
                    "x": 0.2,
                    "y": 0.7
                }
            ]
        },
        {
            "texture": "acacia_back_acacia_fence_gate_13.png",
            "pos": [
                {
                    "z": 1,
                    "x": 0.2,
                    "y": 0.7
                },
                {
                    "z": 1,
                    "x": 0.2,
                    "y": 0.4
                },
                {
                    "z": 0.8,
                    "x": 0.2,
                    "y": 0.4
                },
                {
                    "z": 0.8,
                    "x": 0.2,
                    "y": 0.7
                }
            ]
        }
    ],
    "base": "base_block"
}