{
    "dropItemList": [
        [
            "block",
            1,
            1,
            "myplugin/anvil_9",
            "block:myplugin/anvil_9",
            "anvil_9"
        ]
    ],
    "editBaseFunc": "block_breakTime",
    "breakTime": 20,
    "collisionBoxes": {},
    "quads": [
        {
            "pos": [
                {
                    "z": 1,
                    "x": 1,
                    "y": 0.8
                },
                {
                    "z": 1,
                    "x": 0,
                    "y": 0.8
                },
                {
                    "z": 0,
                    "x": 0,
                    "y": 0.8
                },
                {
                    "z": 0,
                    "x": 1,
                    "y": 0.8
                }
            ],
            "texture": "anvil_top_damaged_2_anvil_9.png"
        },
        {
            "pos": [
                {
                    "z": 0,
                    "x": 0,
                    "y": 0.2
                },
                {
                    "z": 0,
                    "x": 1,
                    "y": 0.2
                },
                {
                    "z": 1,
                    "x": 1,
                    "y": 0.2
                },
                {
                    "z": 1,
                    "x": 0,
                    "y": 0.2
                }
            ],
            "texture": "anvil_top_damaged_2_anvil_9.png"
        },
        {
            "pos": [
                {
                    "z": 0.2,
                    "x": 1,
                    "y": 1
                },
                {
                    "z": 0.2,
                    "x": 0,
                    "y": 1
                },
                {
                    "z": 0.2,
                    "x": 0,
                    "y": 0
                },
                {
                    "z": 0.2,
                    "x": 1,
                    "y": 0
                }
            ],
            "texture": "anvil_top_damaged_2_anvil_9.png"
        },
        {
            "pos": [
                {
                    "z": 0.8,
                    "x": 1,
                    "y": 1
                },
                {
                    "z": 0.8,
                    "x": 0,
                    "y": 1
                },
                {
                    "z": 0.8,
                    "x": 0,
                    "y": 0
                },
                {
                    "z": 0.8,
                    "x": 1,
                    "y": 0
                }
            ],
            "texture": "anvil_top_damaged_2_anvil_9.png"
        },
        {
            "pos": [
                {
                    "z": 0,
                    "x": 1,
                    "y": 1
                },
                {
                    "z": 0,
                    "x": 1,
                    "y": 0
                },
                {
                    "z": 1,
                    "x": 1,
                    "y": 0
                },
                {
                    "z": 1,
                    "x": 1,
                    "y": 1
                }
            ],
            "texture": "anvil_top_damaged_anvil_9.png"
        },
        {
            "pos": [
                {
                    "z": 0,
                    "x": 0,
                    "y": 1
                },
                {
                    "z": 1,
                    "x": 0,
                    "y": 1
                },
                {
                    "z": 1,
                    "x": 0,
                    "y": 0
                },
                {
                    "z": 0,
                    "x": 0,
                    "y": 0
                }
            ],
            "texture": "anvil_top_damaged_anvil_9.png"
        }
    ],
    "settingUI": {
        "tabList": [
            {
                "leftName": "editor.ui.baseProp",
                "wndName": "BaseProp"
            }
        ]
    },
    "lightOpacity": 0,
    "isOpaqueFullCube": false,
    "blockObjectOnCollision": false,
    "base": "base_block"
}