{
    "dropItemList": [
        [
            "block",
            1,
            1,
            "myplugin/cobblestone_mossy_wall",
            "block:myplugin/cobblestone_mossy_wall",
            "cobblestone_mossy_wall"
        ]
    ],
    "editBaseFunc": "block_breakTime",
    "breakTime": 20,
    "collisionBoxes": [
        {
            "max": {
                "z": 0.6,
                "x": 0.6,
                "y": 1
            },
            "min": {
                "z": 0.4,
                "x": 0.4,
                "y": 0
            }
        }
    ],
    "quads": [
        {
            "pos": [
                {
                    "z": 0,
                    "x": 1,
                    "y": 0
                },
                {
                    "z": 1,
                    "x": 1,
                    "y": 0
                },
                {
                    "z": 1,
                    "x": 0,
                    "y": 0
                },
                {
                    "z": 0,
                    "x": 0,
                    "y": 0
                }
            ],
            "texture": "cobblestone_mossy_wall_top.png"
        },
        {
            "pos": [
                {
                    "z": 0,
                    "x": 0,
                    "y": 1
                },
                {
                    "z": 1,
                    "x": 0,
                    "y": 1
                },
                {
                    "z": 1,
                    "x": 1,
                    "y": 1
                },
                {
                    "z": 0,
                    "x": 1,
                    "y": 1
                }
            ],
            "texture": "cobblestone_mossy_wall_top.png"
        },
        {
            "pos": [
                {
                    "z": 0.25,
                    "x": 1,
                    "y": 1
                },
                {
                    "z": 0.25,
                    "x": 1,
                    "y": 0
                },
                {
                    "z": 0.25,
                    "x": 0,
                    "y": 0
                },
                {
                    "z": 0.25,
                    "x": 0,
                    "y": 1
                }
            ],
            "texture": "cobblestone_mossy_wall_side.png"
        },
        {
            "pos": [
                {
                    "z": 0.76,
                    "x": 0,
                    "y": 1
                },
                {
                    "z": 0.76,
                    "x": 0,
                    "y": 0
                },
                {
                    "z": 0.76,
                    "x": 1,
                    "y": 0
                },
                {
                    "z": 0.76,
                    "x": 1,
                    "y": 1
                }
            ],
            "texture": "cobblestone_mossy_wall_side.png"
        },
        {
            "pos": [
                {
                    "z": 0,
                    "x": 0.25,
                    "y": 1
                },
                {
                    "z": 0,
                    "x": 0.25,
                    "y": 0
                },
                {
                    "z": 1,
                    "x": 0.25,
                    "y": 0
                },
                {
                    "z": 1,
                    "x": 0.25,
                    "y": 1
                }
            ],
            "texture": "cobblestone_mossy_wall_side.png"
        },
        {
            "pos": [
                {
                    "z": 1,
                    "x": 0.76,
                    "y": 1
                },
                {
                    "z": 1,
                    "x": 0.76,
                    "y": 0
                },
                {
                    "z": 0,
                    "x": 0.76,
                    "y": 0
                },
                {
                    "z": 0,
                    "x": 0.76,
                    "y": 1
                }
            ],
            "texture": "cobblestone_mossy_wall_side.png"
        }
    ],
    "settingUI": {
        "tabList": [
            {
                "leftName": "editor.ui.baseProp",
                "wndName": "BaseProp"
            }
        ]
    },
    "lightOpacity": 15,
    "isOpaqueFullCube": false,
    "blockObjectOnCollision": false,
    "base": "base_block"
}