{
    "base": "aa_door_up",
    "rotation": {
        "z": 0,
        "x": 0,
        "y": 0
    },
    "translation": {
        "x": 0,
        "y": 0,
        "z": 0
    },
    "quads": [
        {
            "pos": [
                {
                    "z": 0.92,
                    "x": 0,
                    "y": 1
                },
                {
                    "z": 0.92,
                    "x": 0,
                    "y": 0
                },
                {
                    "z": 0.92,
                    "x": 1,
                    "y": 0
                },
                {
                    "z": 0.92,
                    "x": 1,
                    "y": 1
                }
            ],
            "texture": "men_zhengshang.png"
        },
        {
          "pos": [
              {
                  "z": 0.99,
                  "x": 0,
                  "y": 1
              },
              {
                  "z": 0.99,
                  "x": 0,
                  "y": 0
              },
              {
                  "z": 0.99,
                  "x": 1,
                  "y": 0
              },
              {
                  "z": 0.99,
                  "x": 1,
                  "y": 1
              }
          ],
          "texture": "men_zhengshang.png"
      },

      {
        "pos": [
          {
            "x": 0,
            "y": 1,
            "z": 0.92
          },
          {
            "x": 0,
            "y": 0,
            "z": 0.92
          },
          {
            "x": 0,
            "y": 0,
            "z": 0.99
          },
          {
            "x": 0,
            "y": 1,
            "z": 0.99
          }
        ],
        "texture": "men_cexia.png"
      },
      {
        "pos": [
          {
            "x": 1,
            "y": 1,
            "z": 0.92
          },
          {
            "x": 1,
            "y": 1,
            "z": 0.99
          },
          {
            "x": 1,
            "y": 0,
            "z": 0.99
          },
          {
            "x": 1,
            "y": 0,
            "z": 0.92
          }
        ],
        "texture": "men_cexia.png"
      },
      {
        "pos": [
          {
            "x": 0,
            "y": 0.01,
            "z": 0.92
          },
          {
            "x": 0,
            "y": 0.01,
            "z": 0.99
          },
          {
            "x": 1,
            "y": 0.01,
            "z": 0.99
          },
          {
            "x": 1,
            "y": 0.01,
            "z": 0.92
          }
        ],
        "texture": "men_cexia.png"
      },
  
  
      {
        "pos": [
          {
            "x": 0.34,
            "y": 1,
            "z": 0.92
          },
          {
            "x": 0.34,
            "y": 0,
            "z": 0.92
          },
          {
            "x": 0.34,
            "y": 0,
            "z": 0.99
          },
          {
            "x": 0.34,
            "y": 1,
            "z": 0.99
          }
        ],
        "texture": "men_ceshang.png"
      },
      {
        "pos": [
          {
            "x": 0.42,
            "y": 1,
            "z": 0.92
          },
          {
            "x": 0.42,
            "y": 0,
            "z": 0.92
          },
          {
            "x": 0.42,
            "y": 0,
            "z": 0.99
          },
          {
            "x": 0.42,
            "y": 1,
            "z": 0.99
          }
        ],
        "texture": "men_ceshang.png"
      },
  
      {
        "pos": [
          {
            "x": 0.59,
            "y": 1,
            "z": 0.92
          },
          {
            "x": 0.59,
            "y": 0,
            "z": 0.92
          },
          {
            "x": 0.59,
            "y": 0,
            "z": 0.99
          },
          {
            "x": 0.59,
            "y": 1,
            "z": 0.99
          }
        ],
        "texture": "men_ceshang.png"
      },
      {
        "pos": [
          {
            "x": 0.67,
            "y": 1,
            "z": 0.92
          },
          {
            "x": 0.67,
            "y": 0,
            "z": 0.92
          },
          {
            "x": 0.67,
            "y": 0,
            "z": 0.99
          },
          {
            "x": 0.67,
            "y": 1,
            "z": 0.99
          }
        ],
        "texture": "men_ceshang.png"
      },
      {
        "pos": [
          {
            "x": 0,
            "y": 1,
            "z": 0.92
          },
          {
            "x": 0,
            "y": 1,
            "z": 0.99
          },
          {
            "x": 1,
            "y": 1,
            "z": 0.99
          },
          {
            "x": 1,
            "y": 1,
            "z": 0.92
          }
        ],
        "texture": "men_cexia.png"
      }
    ],
    "clickChangeBlock": "myplugin/aa_door_up_180_open"
}