{
  "base": "aa_door_down",
  "rotation": {
    "z": 0,
    "x": 0,
    "y": 0
  },
  "translation": {
    "x": 0,
    "y": 0,
    "z": -1
},
  "placeCombination": [
    {
      "blockName": "myplugin/aa_door_down_360_mirror",
      "pos": {
        "x": 0,
        "y": 0,
        "z": 0
      }
    },
    {
      "blockName": "myplugin/aa_door_up_360_mirror",
      "pos": {
        "x": 0,
        "y": 1,
        "z": 0
      }
    }
  ],
  "clickChangeBlock": "myplugin/aa_door_down_360_open_mirror"
}