{
  "base": "base_block",
  "basePropDesc": {
    "block.die.drop.title": [
      [
        [
          "block",
          1,
          1,
          "myplugin/beetroots_stage_2",
          "block:myplugin/beetroots_stage_2",
          "beetroots_stage_2"
        ]
      ]
    ],
    "golden_apple_hardness": [
      1
    ]
  },
  "placeBlockSound": {
    "loop": false,
    "path": "resource/blocksound/plant_place.mp3",
    "sound": "",
    "volume": 1
  },
  "breakBlockSound": {
    "loop":true,
    "path":"resource/blocksound/plant_break.mp3",
    "sound":"",
    "volume":1
  },
  "breakBlockAfterSound": {
    "loop": false,
    "path": "resource/blocksound/plant2_final.mp3",
    "selfOnly": false,
    "sound": "",
    "volume": 1
  },
  "blockObjectOnCollision": false,
  "breakTime": 20,
  "canBeReplace": true,
  "collisionBoxes": [],
  "desc": "{base_block_desc}\n{golden_apple_hardness}:1\n",
  "dropItemList": [
    [
      "block",
      1,
      1,
      "myplugin/beetroots_stage_2",
      "block:myplugin/beetroots_stage_2",
      "beetroots_stage_2"
    ]
  ],
  "editBaseFunc": "block_breakTime",
  "isOpaqueFullCube": false,
  "lightOpacity": 0,
  "quads": [
    {
      "pos": [
        {
          "x": 0,
          "y": 1,
          "z": 0
        },
        {
          "x": 0,
          "y": 0,
          "z": 0
        },
        {
          "x": 1,
          "y": 0,
          "z": 1
        },
        {
          "x": 1,
          "y": 1,
          "z": 1
        }
      ],
      "texture": "beetroots_stage_2.png"
    },
    {
      "pos": [
        {
          "x": 1,
          "y": 1,
          "z": 0
        },
        {
          "x": 1,
          "y": 0,
          "z": 0
        },
        {
          "x": 0,
          "y": 0,
          "z": 1
        },
        {
          "x": 0,
          "y": 1,
          "z": 1
        }
      ],
      "texture": "beetroots_stage_2.png"
    }
  ],
  "settingUI": {
    "tabList": [
      {
        "leftName": "editor.ui.baseProp",
        "wndName": "BaseProp"
      }
    ]
  }
}