{
    "dropItemList": [
        [
            "block",
            1,
            1,
            "myplugin/birch_slab",
            "block:myplugin/birch_slab",
            "birch_slab"
        ]
    ],
    "editBaseFunc": "block_breakTime",
    "breakTime": 20,
    "collisionBoxes": [
        {
            "max": {
                "z": 1,
                "x": 1,
                "y": 0.5
            },
            "min": {
                "z": 0,
                "x": 0,
                "y": 0
            }
        }
    ],
    "quads": [
        {
            "pos": [
                {
                    "z": 1,
                    "x": 0,
                    "y": 1
                },
                {
                    "z": 1,
                    "x": 0,
                    "y": 0
                },
                {
                    "z": 1,
                    "x": 1,
                    "y": 0
                },
                {
                    "z": 1,
                    "x": 1,
                    "y": 1
                }
            ],
            "texture": "birch_back02.png"
        },
        {
            "pos": [
                {
                    "z": 0,
                    "x": 0,
                    "y": 1
                },
                {
                    "z": 0,
                    "x": 0,
                    "y": 0
                },
                {
                    "z": 1,
                    "x": 0,
                    "y": 0
                },
                {
                    "z": 1,
                    "x": 0,
                    "y": 1
                }
            ],
            "texture": "birch_back02.png"
        },
        {
            "pos": [
                {
                    "z": 0,
                    "x": 1,
                    "y": 1
                },
                {
                    "z": 0,
                    "x": 1,
                    "y": 0
                },
                {
                    "z": 0,
                    "x": 0,
                    "y": 0
                },
                {
                    "z": 0,
                    "x": 0,
                    "y": 1
                }
            ],
            "texture": "birch_back02.png"
        },
        {
            "pos": [
                {
                    "z": 1,
                    "x": 1,
                    "y": 1
                },
                {
                    "z": 1,
                    "x": 1,
                    "y": 0
                },
                {
                    "z": 0,
                    "x": 1,
                    "y": 0
                },
                {
                    "z": 0,
                    "x": 1,
                    "y": 1
                }
            ],
            "texture": "birch_back02.png"
        },
        {
            "pos": [
                {
                    "z": 0,
                    "x": 0,
                    "y": 0.5
                },
                {
                    "z": 1,
                    "x": 0,
                    "y": 0.5
                },
                {
                    "z": 1,
                    "x": 1,
                    "y": 0.5
                },
                {
                    "z": 0,
                    "x": 1,
                    "y": 0.5
                }
            ],
            "texture": "birch_back_birch_slab.png"
        },
        {
            "pos": [
                {
                    "z": 0,
                    "x": 1,
                    "y": 0
                },
                {
                    "z": 1,
                    "x": 1,
                    "y": 0
                },
                {
                    "z": 1,
                    "x": 0,
                    "y": 0
                },
                {
                    "z": 0,
                    "x": 0,
                    "y": 0
                }
            ],
            "texture": "birch_back_birch_slab.png"
        }
    ],
    "settingUI": {
        "tabList": [
            {
                "leftName": "editor.ui.baseProp",
                "wndName": "BaseProp"
            }
        ]
    },
    "lightOpacity": 15,
    "isOpaqueFullCube": false,
    "blockObjectOnCollision": false,
    "base": "base_block"
}