{
    "dropItemList": [
        [
            "block",
            1,
            1,
            "myplugin/birch_door_8",
            "block:myplugin/birch_door_8",
            "birch_door_8"
        ]
    ],
    "editBaseFunc": "block_breakTime",
    "breakTime": 20,
    "collisionBoxes": [
        {
            "max": {
                "z": 1,
                "x": 1,
                "y": 1
            },
            "min": {
                "z": 0.8,
                "x": 0,
                "y": 0
            }
        }
    ],
    "blockObjectOnCollision": false,
    "settingUI": {
        "tabList": [
            {
                "leftName": "editor.ui.baseProp",
                "wndName": "BaseProp"
            }
        ]
    },
    "lightOpacity": 0,
    "isOpaqueFullCube": false,
    "quads": [
        {
            "pos": [
                {
                    "z": 0.9,
                    "x": 0,
                    "y": 1
                },
                {
                    "z": 0.9,
                    "x": 0,
                    "y": 0
                },
                {
                    "z": 0.9,
                    "x": 1,
                    "y": 0
                },
                {
                    "z": 0.9,
                    "x": 1,
                    "y": 1
                }
            ],
            "texture": "door_birch_upper_birch_door_8.png"
        }
    ],
    "base": "base_block"
}