{"yaw":5680.3959960938,"_time":1594980587,"storageDir":".\/mygame\/create\/map\/map-1593519096\/","skyBox":{"stage":"day","rotate":{"y":30,"x":0,"z":0},"texture":"Sky03"},"region":{},"dir":"map\/map-1593519096\/","editorSkyBox":{"rotate":{"y":30,"x":0,"z":0},"texture":"Sky02"},"pos":{"y":60,"x":23.189180374146,"z":25.429840087891},"pitch":40.455574035645,"canBreak":true,"editorDynamicBrightness":{},"canAttack":true,"dynamicBrightness":[{"brightness":{"y":0.6,"x":0.6,"z":0.6},"time":0,"transition":1}],"dirty":true,"entity":[{"pos":{"ry":0,"x":27.688264846802,"y":57.5,"z":26.433616638184},"ry":0,"derive":{"pointEntity":{"idx":1,"typePoint":7,"type":"pointEntity","teamId":0,"entity":"myplugin\/door_entity_wait_point"}},"cfg":"myplugin\/door_entity_wait_point"},{"pos":{"ry":0,"x":27.188264846802,"y":57.5,"z":27.433616638184},"ry":0,"derive":{"pointEntity":{"idx":1,"typePoint":1,"type":"pointEntity","teamId":0,"entity":"myplugin\/door_entity_setPos_birth"}},"cfg":"myplugin\/door_entity_setPos_birth"},{"pos":{"ry":0,"x":28.188264846802,"y":57.5,"z":27.433616638184},"ry":0,"derive":{"pointEntity":{"idx":1,"typePoint":2,"type":"pointEntity","teamId":0,"entity":"myplugin\/door_entity_setPos_rebirth"}},"cfg":"myplugin\/door_entity_setPos_rebirth"}]}