{"editorSkyBox":{"rotate":{"x":0,"y":30,"z":0},"texture":"Sky02"},"yaw":1307.6130371094,"canAttack":true,"dirty":true,"canBreak":true,"editorDynamicBrightness":{},"storageDir":".\/mygame\/create\/map\/map-1593519096\/","pitch":24.007850646973,"_time":1594980587,"region":{},"skyBox":[{"stage":"day","texture":["Sky03_right.png","Sky03_left.png","Sky03_top.png","Sky03_bottom.png","Sky03_back.png","Sky03_front.png"],"transition":1,"time":0},{"stage":"day","texture":["dusk_right.png","dusk_left.png","dusk_top.png","dusk_bottom.png","dusk_back.png","dusk_front.png"],"transition":1,"time":10},{"stage":"night","texture":["night_right.png","night_left.png","night_top.png","night_bottom.png","night_back.png","night_front.png"],"transition":1,"time":11},{"stage":"day","texture":["Sky02_right.png","Sky02_left.png","Sky02_top.png","Sky02_bottom.png","Sky02_back.png","Sky02_front.png"],"transition":1,"time":22}],"entity":[{"cfg":"myplugin\/merchant_2","pos":{"x":48.5,"y":57.009998321533,"z":12.5},"derive":{},"ry":90},{"cfg":"myplugin\/merchant_4","pos":{"x":48.5,"y":57.01,"z":17.5},"derive":{},"ry":0},{"cfg":"myplugin\/merchant_1","pos":{"x":48.5,"y":57.009998321533,"z":21.5},"derive":{"aiData":{"stand":true,"routePath":2}},"ry":90},{"cfg":"myplugin\/new_chomper_fire","pos":{"x":28.5,"y":57.01,"z":-33.5},"derive":{"dropItem":[["item",56,1,"myplugin\/iron_ingot","plugin\/myplugin\/item\/iron_ingot\/iron_ingot.png"],["item",64,1,"myplugin\/green_currency","plugin\/myplugin\/item\/green_currency\/green_currency.png"],["item",24,1,"myplugin\/diamond","plugin\/myplugin\/item\/diamond\/diamond_icon.png"],["block",10,1,"myplugin\/diamond_block_0","block:myplugin\/diamond_block_0"],["block",4,1,"myplugin\/emerald_block","block:myplugin\/emerald_block"],["item",2,1,"myplugin\/equip_leather_helmet","plugin\/myplugin\/item\/equip_leather_helmet\/leather_helmet.png"],["item",63,1,"myplugin\/emerald","plugin\/myplugin\/item\/emerald\/emerald.png"]]},"ry":0},{"cfg":"myplugin\/new_chomper","pos":{"x":31.5,"y":57.01,"z":-31.5},"derive":{"dropItem":[["item",1,1,"myplugin\/equip_shoes_aurum","plugin\/myplugin\/item\/equip_shoes_aurum\/shoes.png"]]},"ry":0},{"cfg":"myplugin\/new_chomper","pos":{"x":25.5,"y":57.01,"z":-31.5},"derive":{"dropItem":[["item",1,1,"myplugin\/equip_shoes_aurum","plugin\/myplugin\/item\/equip_shoes_aurum\/shoes.png"],["item",1,1,"myplugin\/gold_sword","plugin\/myplugin\/item\/gold_sword\/gold_sword.png"]]},"ry":0},{"cfg":"myplugin\/turtle","pos":{"x":22.5,"y":57.01,"z":-6.5},"derive":{},"ry":0},{"cfg":"myplugin\/turtle","pos":{"x":18.5,"y":57.01,"z":-13.5},"derive":{},"ry":0},{"cfg":"myplugin\/turtle","pos":{"x":27.5,"y":57.01,"z":-13.5},"derive":{},"ry":0},{"cfg":"myplugin\/turtle","pos":{"x":24.5,"y":57.01,"z":-20.5},"derive":{},"ry":0},{"cfg":"myplugin\/skull","pos":{"x":29.5,"y":57.01,"z":-20.5},"derive":{},"ry":0},{"cfg":"myplugin\/skull","pos":{"x":29.5,"y":57.01,"z":-27.5},"derive":{},"ry":0},{"cfg":"myplugin\/skull","pos":{"x":36.5,"y":57.01,"z":-24.5},"derive":{},"ry":0},{"cfg":"myplugin\/skull","pos":{"x":36.5,"y":57.01,"z":-34.5},"derive":{},"ry":0},{"cfg":"myplugin\/skull","pos":{"x":27.5,"y":57.01,"z":-38.5},"derive":{},"ry":0},{"cfg":"myplugin\/skull","pos":{"x":20.5,"y":57.01,"z":-31.5},"derive":{},"ry":0},{"cfg":"myplugin\/zombie","pos":{"x":35.5,"y":57.01,"z":-18.5},"derive":{},"ry":0},{"cfg":"myplugin\/zombie","pos":{"x":23.5,"y":57.01,"z":-7.5},"derive":{"dropItem":[["item",12,1,"myplugin\/iron_ingot","plugin\/myplugin\/item\/iron_ingot\/iron_ingot.png"]]},"ry":0},{"cfg":"myplugin\/zombie","pos":{"x":43.5,"y":57.01,"z":1.5},"derive":{"dropItem":[["item",5,1,"myplugin\/food_meat_duck","plugin\/myplugin\/item\/food_meat_duck\/meat_duck.png"]]},"ry":0},{"cfg":"myplugin\/zombie","pos":{"x":26.5,"y":57.01,"z":-12.5},"derive":{"dropItem":[["item",12,1,"myplugin\/iron_ingot","plugin\/myplugin\/item\/iron_ingot\/iron_ingot.png"]]},"ry":0},{"cfg":"myplugin\/zombie","pos":{"x":30.5,"y":57.01,"z":-12.5},"derive":{"dropItem":[["item",9,1,"myplugin\/food_meat_cattle","plugin\/myplugin\/item\/food_meat_cattle\/meat_cattle.png"],["block",1,1,"myplugin\/invisible","block:myplugin\/invisible"]]},"ry":0},{"cfg":"myplugin\/flower","pos":{"x":11.5,"y":57,"z":2.5},"derive":{},"ry":0},{"cfg":"myplugin\/flower","pos":{"x":40.5,"y":57,"z":7.5},"derive":{},"ry":0},{"cfg":"myplugin\/pig","pos":{"x":107.5,"y":68.01,"z":31.5},"derive":{"dropItem":[["item",6,1,"myplugin\/food_meat_pig","plugin\/myplugin\/item\/food_meat_pig\/meat_pig.png"]]},"ry":0},{"cfg":"myplugin\/pig","pos":{"x":110.5,"y":68.01,"z":27.5},"derive":{"dropItem":[["item",8,1,"myplugin\/food_meat_pig","plugin\/myplugin\/item\/food_meat_pig\/meat_pig.png"]]},"ry":0},{"cfg":"myplugin\/pig","pos":{"x":113.5,"y":68.01,"z":22.5},"derive":{"dropItem":[["item",1,1,"myplugin\/food_meat_pig","plugin\/myplugin\/item\/food_meat_pig\/meat_pig.png"]]},"ry":0},{"cfg":"myplugin\/pig","pos":{"x":117.5,"y":68.01,"z":19.5},"derive":{"dropItem":[["item",1,1,"myplugin\/food_meat_pig","plugin\/myplugin\/item\/food_meat_pig\/meat_pig.png"]]},"ry":0},{"cfg":"myplugin\/hen","pos":{"x":110.5,"y":68.01,"z":20.5},"derive":{},"ry":0},{"cfg":"myplugin\/hen","pos":{"x":104.5,"y":68.01,"z":22.5},"derive":{},"ry":0},{"cfg":"myplugin\/hen","pos":{"x":103.5,"y":68.01,"z":25.5},"derive":{},"ry":0},{"cfg":"myplugin\/cow","pos":{"x":112.5,"y":68.01,"z":30.5},"derive":{},"ry":0},{"cfg":"myplugin\/cow","pos":{"x":117.5,"y":68.01,"z":29.5},"derive":{},"ry":0},{"cfg":"myplugin\/sheep","pos":{"x":114.5,"y":68.02000213623,"z":22.5},"derive":{"dropItem":[["item",1,1,"myplugin\/food_meat_sheep","plugin\/myplugin\/item\/food_meat_sheep\/meat_sheep.png"]]},"ry":0},{"cfg":"myplugin\/sheep","pos":{"x":109.5,"y":68.01,"z":24.5},"derive":{"dropItem":[["item",1,1,"myplugin\/food_meat_sheep","plugin\/myplugin\/item\/food_meat_sheep\/meat_sheep.png"]]},"ry":0},{"cfg":"myplugin\/sheep","pos":{"x":104.5,"y":68.01,"z":28.5},"derive":{"dropItem":[["item",1,1,"myplugin\/food_meat_sheep","plugin\/myplugin\/item\/food_meat_sheep\/meat_sheep.png"]]},"ry":0},{"cfg":"myplugin\/sheep","pos":{"x":108.5,"y":68.01,"z":25.5},"derive":{"dropItem":[["item",1,1,"myplugin\/food_meat_sheep","plugin\/myplugin\/item\/food_meat_sheep\/meat_sheep.png"]]},"ry":0},{"cfg":"myplugin\/resPoint","pos":{"x":-3.5,"y":137,"z":-52.5},"derive":{"resourcePoint":{"maxLevel":5,"coinFullName":"myplugin\/food_meat_chicken","autoUpLevel":true,"itemType":"item","levelInfos":[{"speed":80,"productNumMax":9,"productNumMaxSwitch":true,"upLevelTime":120},{"speed":500,"productNumMax":9,"productNumMaxSwitch":true,"upLevelTime":140},{"speed":400,"productNumMax":9,"productNumMaxSwitch":true,"upLevelTime":180},{"speed":1000,"productNumMax":9,"productNumMaxSwitch":true,"upLevelTime":140},{"speed":600,"productNumMax":9,"productNumMaxSwitch":true,"upLevelTime":20}],"itemIcon":"plugin\/myplugin\/item\/food_meat_chicken\/meat_chicken.png","delayProductTime":1200}},"ry":0},{"cfg":"myplugin\/new_big_chomper","pos":{"x":-3.5,"y":141.00999450684,"z":-52.5},"derive":{"dropItem":[["item",1,1,"myplugin\/diamond_sword","plugin\/myplugin\/item\/diamond_sword\/diamond_sword.png"]]},"ry":-180},{"cfg":"myplugin\/turtleWitch","pos":{"x":-0.5,"y":134.01,"z":-55.5},"derive":{},"ry":0},{"cfg":"myplugin\/turtleWitch","pos":{"x":-6.5,"y":134.01,"z":-55.5},"derive":{},"ry":0},{"cfg":"myplugin\/turtleWitch","pos":{"x":-6.5,"y":134.01,"z":-49.5},"derive":{},"ry":0},{"cfg":"myplugin\/turtleWitch","pos":{"x":-0.5,"y":134.01,"z":-49.5},"derive":{},"ry":0},{"cfg":"myplugin\/ghost","pos":{"x":-4.5,"y":134.01,"z":-44.5},"derive":{},"ry":0},{"cfg":"myplugin\/ghost","pos":{"x":-5.5,"y":134.01,"z":-43.5},"derive":{},"ry":0},{"cfg":"myplugin\/ghost","pos":{"x":-7.5,"y":134.01,"z":-42.5},"derive":{},"ry":0},{"cfg":"myplugin\/ghost","pos":{"x":-8.5,"y":134.01,"z":-40.5},"derive":{},"ry":0},{"cfg":"myplugin\/ghost","pos":{"x":-8.5,"y":134.01,"z":-35.5},"derive":{},"ry":0},{"cfg":"myplugin\/ghost","pos":{"x":-7.5,"y":134.01,"z":-33.5},"derive":{},"ry":0},{"cfg":"myplugin\/ghost","pos":{"x":-1.5,"y":134.00999450684,"z":-37},"derive":{},"ry":0},{"cfg":"myplugin\/ghost","pos":{"x":6.5,"y":134.01,"z":-41.5},"derive":{},"ry":0},{"cfg":"myplugin\/ghost","pos":{"x":3.5,"y":134.01,"z":-53.5},"derive":{},"ry":0},{"cfg":"myplugin\/ghost","pos":{"x":5.5,"y":134.01,"z":-47.5},"derive":{},"ry":0},{"cfg":"myplugin\/ghost","pos":{"x":8.5,"y":134.01,"z":-48.5},"derive":{},"ry":0},{"cfg":"myplugin\/ghost","pos":{"x":9.5,"y":134.01,"z":-56.5},"derive":{},"ry":0},{"cfg":"myplugin\/ghost","pos":{"x":4.5,"y":134.01,"z":-59.5},"derive":{},"ry":0},{"cfg":"myplugin\/ghost","pos":{"x":8.5,"y":134.01,"z":-53.5},"derive":{},"ry":0},{"cfg":"myplugin\/ghost","pos":{"x":10.5,"y":134.01,"z":-64.5},"derive":{},"ry":0},{"cfg":"myplugin\/ghost","pos":{"x":5.5,"y":134.01,"z":-66.5},"derive":{"dropItem":[["item",1,1,"myplugin\/iron_sword","plugin\/myplugin\/item\/iron_sword\/iron_sword.png"]]},"ry":0},{"cfg":"myplugin\/ghost","pos":{"x":0.5,"y":134.01,"z":-64.5},"derive":{"dropItem":[["item",1,1,"myplugin\/wood_sword","plugin\/myplugin\/item\/wood_sword\/wood_sword.png"]]},"ry":0},{"cfg":"myplugin\/ghost","pos":{"x":-5.5,"y":134.01,"z":-62.5},"derive":{"dropItem":[["item",1,1,"myplugin\/wood_sword","plugin\/myplugin\/item\/wood_sword\/wood_sword.png"]]},"ry":0},{"cfg":"myplugin\/ghost","pos":{"x":-9.5,"y":134.01,"z":-61.5},"derive":{"dropItem":[["item",1,1,"myplugin\/wood_sword","plugin\/myplugin\/item\/wood_sword\/wood_sword.png"]]},"ry":0},{"cfg":"myplugin\/ghost","pos":{"x":4.5,"y":134.01,"z":-67.5},"derive":{"dropItem":[["item",1,1,"myplugin\/wood_sword","plugin\/myplugin\/item\/wood_sword\/wood_sword.png"]]},"ry":0},{"cfg":"myplugin\/small_mushroom_monster","pos":{"x":37.5,"y":58.01,"z":-69.5},"derive":{},"ry":0},{"cfg":"myplugin\/small_mushroom_monster","pos":{"x":37.5,"y":58.01,"z":-78.5},"derive":{},"ry":0},{"cfg":"myplugin\/small_mushroom_monster","pos":{"x":36.5,"y":58.01,"z":-83.5},"derive":{},"ry":0},{"cfg":"myplugin\/small_mushroom_monster","pos":{"x":37.5,"y":58.01,"z":-86.5},"derive":{},"ry":0},{"cfg":"myplugin\/small_mushroom_monster","pos":{"x":36.5,"y":58.01,"z":-100.5},"derive":{},"ry":0},{"cfg":"myplugin\/ghost","pos":{"x":36.5,"y":58.01,"z":-107.5},"derive":{},"ry":0},{"cfg":"myplugin\/ghost","pos":{"x":37.5,"y":58.01,"z":-90.5},"derive":{},"ry":0},{"cfg":"myplugin\/ghost","pos":{"x":36.5,"y":58.01,"z":-87.5},"derive":{},"ry":0},{"cfg":"myplugin\/ghost","pos":{"x":37.5,"y":58.019998321533,"z":-77.599998474121},"derive":{},"ry":0},{"cfg":"myplugin\/ghost","pos":{"x":37.5,"y":59.019998321533,"z":-63.5},"derive":{},"ry":0},{"cfg":"myplugin\/ghost","pos":{"x":35.5,"y":59.01,"z":-65.5},"derive":{},"ry":0},{"cfg":"myplugin\/ghost","pos":{"x":35.5,"y":59.01,"z":-65.5},"derive":{},"ry":0},{"cfg":"myplugin\/ghost","pos":{"x":38.5,"y":59.01,"z":-66.5},"derive":{},"ry":0},{"cfg":"myplugin\/ghost","pos":{"x":35.5,"y":59.01,"z":-73.5},"derive":{},"ry":0},{"cfg":"myplugin\/ghost","pos":{"x":34.5,"y":58.01,"z":-75.5},"derive":{},"ry":0},{"cfg":"myplugin\/ghost","pos":{"x":34.5,"y":58.019998321533,"z":-74.5},"derive":{},"ry":0},{"cfg":"myplugin\/ghost","pos":{"x":34.5,"y":59.029996643066,"z":-74.5},"derive":{},"ry":0},{"cfg":"myplugin\/ghost","pos":{"x":35.5,"y":59.01,"z":-75.5},"derive":{},"ry":0},{"cfg":"myplugin\/ghost","pos":{"x":37.5,"y":58.029996643066,"z":-76.599998474121},"derive":{},"ry":0},{"cfg":"myplugin\/ghost","pos":{"x":37.5,"y":58.029996643066,"z":-76.599998474121},"derive":{},"ry":0},{"cfg":"myplugin\/ghost","pos":{"x":37.5,"y":57.01,"z":-54.5},"derive":{},"ry":0},{"cfg":"myplugin\/door_entity_setPos_birth","pos":{"ry":0,"x":25.943408966064,"y":60.403942108154,"z":33.825645446777},"derive":{"pointEntity":{"type":"pointEntity","typePoint":1,"teamId":0,"idx":1}},"ry":0},{"cfg":"myplugin\/door_entity_setPos_rebirth","pos":{"ry":0,"x":23.443408966064,"y":59.403942108154,"z":31.325645446777},"derive":{"pointEntity":{"type":"pointEntity","typePoint":2,"teamId":0,"idx":1}},"ry":0},{"cfg":"myplugin\/door_entity_wait_point","pos":{"ry":0,"x":14.51088142395,"y":103.51000213623,"z":16.881160736084},"derive":{"pointEntity":{"type":"pointEntity","typePoint":7,"teamId":0,"idx":1}},"ry":0},{"cfg":"myplugin\/ladybird_enable_fly","pos":{"x":13.5,"y":57.01,"z":-31.5},"derive":{},"ry":0},{"cfg":"myplugin\/ladybird_enable_fly","pos":{"x":10.5,"y":57.01,"z":-31.5},"derive":{},"ry":0},{"cfg":"myplugin\/ladybird_enable_fly","pos":{"x":8.5,"y":57.01,"z":-26.5},"derive":{},"ry":0},{"cfg":"myplugin\/ladybird_enable_fly","pos":{"x":15.5,"y":57.01,"z":-22.5},"derive":{},"ry":0},{"cfg":"myplugin\/ladybird_enable_fly","pos":{"x":24.5,"y":57.01,"z":-22.5},"derive":{},"ry":0},{"cfg":"myplugin\/ladybird_enable_fly","pos":{"x":21.5,"y":57.01,"z":-19.5},"derive":{},"ry":0},{"cfg":"myplugin\/ladybird_enable_fly","pos":{"x":17.5,"y":57.01,"z":-18.5},"derive":{},"ry":0},{"cfg":"myplugin\/ladybird_enable_fly","pos":{"x":12.5,"y":57.01,"z":-15.5},"derive":{},"ry":0},{"cfg":"myplugin\/ladybird_enable_fly","pos":{"x":8.5,"y":58.01,"z":-15.5},"derive":{},"ry":0},{"cfg":"myplugin\/ladybird_enable_fly","pos":{"x":7.5,"y":57.01,"z":-11.5},"derive":{},"ry":0},{"cfg":"myplugin\/ladybird_enable_fly","pos":{"x":7.5,"y":57.01,"z":-5.5},"derive":{},"ry":0},{"cfg":"myplugin\/ladybird_enable_fly","pos":{"x":18.5,"y":57.01,"z":-3.5},"derive":{},"ry":0},{"cfg":"myplugin\/ladybird_enable_fly","pos":{"x":13.5,"y":57.01,"z":-9.5},"derive":{},"ry":0},{"cfg":"myplugin\/ladybird_enable_fly","pos":{"x":12.5,"y":57.01,"z":-3.5},"derive":{},"ry":0},{"cfg":"myplugin\/ladybird_enable_fly","pos":{"x":21.5,"y":57.01,"z":-2.5},"derive":{},"ry":0},{"cfg":"myplugin\/ladybird_enable_fly","pos":{"x":17.5,"y":57.01,"z":0.5},"derive":{},"ry":0},{"cfg":"myplugin\/ladybird_enable_fly","pos":{"x":15.5,"y":61.01,"z":8.5},"derive":{},"ry":0},{"cfg":"myplugin\/ladybird_enable_fly","pos":{"x":26.5,"y":57.01,"z":-9.5},"derive":{},"ry":0},{"cfg":"myplugin\/ladybird_enable_fly","pos":{"x":35.5,"y":57.01,"z":-9.5},"derive":{},"ry":0},{"cfg":"myplugin\/ladybird_enable_fly","pos":{"x":32.5,"y":58.01,"z":-1.5},"derive":{},"ry":0},{"cfg":"myplugin\/ladybird_enable_fly","pos":{"x":28.5,"y":57.01,"z":-0.5},"derive":{},"ry":0},{"cfg":"myplugin\/ladybird_enable_fly","pos":{"x":43.5,"y":57.01,"z":-0.5},"derive":{},"ry":0},{"cfg":"myplugin\/ladybird_enable_fly","pos":{"x":35.5,"y":57.01,"z":-1.5},"derive":{},"ry":0},{"cfg":"myplugin\/ladybird_enable_fly","pos":{"x":37.5,"y":57.01,"z":-5.5},"derive":{},"ry":0},{"cfg":"myplugin\/ladybird_enable_fly","pos":{"x":41.5,"y":57.01,"z":-14.5},"derive":{},"ry":0},{"cfg":"myplugin\/ladybird_enable_fly","pos":{"x":40.5,"y":57.01,"z":-18.5},"derive":{},"ry":0},{"cfg":"myplugin\/ladybird_enable_fly","pos":{"x":43.5,"y":57.01,"z":-24.5},"derive":{},"ry":0},{"cfg":"myplugin\/ladybird_enable_fly","pos":{"x":40.5,"y":57.01,"z":-30.5},"derive":{},"ry":0},{"cfg":"myplugin\/ladybird_enable_fly","pos":{"x":43.5,"y":57.01,"z":-38.5},"derive":{},"ry":0},{"cfg":"myplugin\/ladybird_enable_fly","pos":{"x":41.5,"y":57.01,"z":-48.5},"derive":{},"ry":0},{"cfg":"myplugin\/glass_0","pos":{"x":126.5,"y":68,"z":21.5},"derive":{"fillBlock":{"blockId":20,"xSize":4,"ySize":1,"zSize":5},"tmpAiData":{"route":[{"x":126.5,"y":68,"z":21.5},{"x":132,"y":71,"z":22},{"x":126.62533569336,"y":67.932006835938,"z":21.238666534424},{"x":115.53942108154,"y":60.455902099609,"z":17.872365951538},{"x":89.627426147461,"y":58.829299926758,"z":18.139949798584},{"x":92.633476257324,"y":58.641357421875,"z":18.170867919922},{"x":79.127471923828,"y":58.454162597656,"z":19.701662063599},{"x":68.646842956543,"y":58.412841796875,"z":20.539491653442},{"x":58.656402587891,"y":61.90104675293,"z":20.778549194336},{"x":46.824802398682,"y":62.889709472656,"z":22.846305847168},{"x":40.364147186279,"y":58.648025512695,"z":30.255920410156},{"x":34.553890228271,"y":56.459518432617,"z":37.33207321167}]},"aiData":{"route":[{"x":126.5,"y":68,"z":21.5},{"x":132,"y":71,"z":22},{"x":126.62533569336,"y":67.932006835938,"z":21.238666534424},{"x":115.53942108154,"y":60.455902099609,"z":17.872365951538},{"x":89.627426147461,"y":58.829299926758,"z":18.139949798584},{"x":92.633476257324,"y":58.641357421875,"z":18.170867919922},{"x":79.127471923828,"y":58.454162597656,"z":19.701662063599},{"x":68.646842956543,"y":58.412841796875,"z":20.539491653442},{"x":58.656402587891,"y":61.90104675293,"z":20.778549194336},{"x":46.824802398682,"y":62.889709472656,"z":22.846305847168},{"x":40.364147186279,"y":58.648025512695,"z":30.255920410156},{"x":34.553890228271,"y":56.459518432617,"z":37.33207321167}]}},"ry":0},{"cfg":"myplugin\/planks_jungle","pos":{"x":44.5,"y":57,"z":25.5},"derive":{"fillBlock":{"blockId":20,"xSize":2,"ySize":1,"zSize":2},"tmpAiData":{"route":[{"x":44.5,"y":57,"z":25.5},{"x":46.5,"y":63,"z":25.5},{"x":48.948684692383,"y":71.846038818359,"z":25.5},{"x":56.7490234375,"y":74.7373046875,"z":25.5},{"x":65.062004089355,"y":75.779968261719,"z":27},{"x":74.492088317871,"y":76.147476196289,"z":28.028707504272},{"x":82.472160339355,"y":76.263610839844,"z":28.353797912598},{"x":89.969360351562,"y":72.807220458984,"z":28.475896835327},{"x":94.693473815918,"y":67.551330566406,"z":28.520261764526}]},"aiData":{"route":[{"x":44.5,"y":57,"z":25.5},{"x":46.5,"y":63,"z":25.5},{"x":48.948684692383,"y":71.846038818359,"z":25.5},{"x":56.7490234375,"y":74.7373046875,"z":25.5},{"x":65.062004089355,"y":75.779968261719,"z":27},{"x":74.492088317871,"y":76.147476196289,"z":28.028707504272},{"x":82.472160339355,"y":76.263610839844,"z":28.353797912598},{"x":89.969360351562,"y":72.807220458984,"z":28.475896835327},{"x":94.693473815918,"y":67.551330566406,"z":28.520261764526}]}},"ry":0},{"cfg":"myplugin\/hen","pos":{"x":137.5,"y":72.01,"z":23.5},"derive":{},"ry":0},{"cfg":"myplugin\/hen","pos":{"x":137.5,"y":72.01,"z":18.5},"derive":{},"ry":0},{"cfg":"myplugin\/hen","pos":{"x":137.5,"y":72.01,"z":13.5},"derive":{},"ry":0},{"cfg":"myplugin\/hen","pos":{"x":142.5,"y":72.01,"z":10.5},"derive":{"dropItem":[["item",1,1,"myplugin\/food_meat_chicken","plugin\/myplugin\/item\/food_meat_chicken\/meat_chicken.png"]]},"ry":0},{"cfg":"myplugin\/sheep","pos":{"x":142.5,"y":72.01,"z":18.5},"derive":{},"ry":0},{"cfg":"myplugin\/sheep","pos":{"x":145.5,"y":72.01,"z":21.5},"derive":{},"ry":0},{"cfg":"myplugin\/sheep","pos":{"x":149.5,"y":72.01,"z":13.5},"derive":{"dropItem":[["item",11,1,"myplugin\/food_meat_sheep","plugin\/myplugin\/item\/food_meat_sheep\/meat_sheep.png"]]},"ry":0},{"cfg":"myplugin\/hen","pos":{"x":146.5,"y":72.01,"z":15.5},"derive":{"dropItem":[["item",1,1,"myplugin\/food_meat_chicken","plugin\/myplugin\/item\/food_meat_chicken\/meat_chicken.png"]]},"ry":0},{"cfg":"myplugin\/skull","pos":{"x":154.5,"y":72.01,"z":5.5},"derive":{},"ry":0},{"cfg":"myplugin\/skull","pos":{"x":150.5,"y":72.01,"z":-0.5},"derive":{},"ry":0},{"cfg":"myplugin\/skull","pos":{"x":146.5,"y":72.01,"z":-0.5},"derive":{},"ry":0},{"cfg":"myplugin\/skull","pos":{"x":139.5,"y":72.01,"z":4.5},"derive":{},"ry":0},{"cfg":"myplugin\/skull","pos":{"x":142.5,"y":72.01,"z":-1.5},"derive":{},"ry":0},{"cfg":"myplugin\/skull","pos":{"x":145.5,"y":72.01,"z":6.5},"derive":{},"ry":0},{"cfg":"myplugin\/zombie","pos":{"x":159.5,"y":72.01,"z":14.5},"derive":{},"ry":0},{"cfg":"myplugin\/zombie","pos":{"x":154.5,"y":72.01,"z":22.5},"derive":{},"ry":0},{"cfg":"myplugin\/zombie","pos":{"x":153.5,"y":72.01,"z":12.5},"derive":{},"ry":0},{"cfg":"myplugin\/zombie","pos":{"x":150.5,"y":72.01,"z":23.5},"derive":{},"ry":0},{"cfg":"myplugin\/zombie","pos":{"x":162.5,"y":72.01,"z":31.5},"derive":{},"ry":0},{"cfg":"myplugin\/skull","pos":{"x":36.5,"y":58.01,"z":-98.5},"derive":{},"ry":0},{"cfg":"myplugin\/zombie","pos":{"x":37.5,"y":58.01,"z":-95.5},"derive":{},"ry":0},{"cfg":"myplugin\/skull","pos":{"x":36.5,"y":58.01,"z":-93.5},"derive":{},"ry":0},{"cfg":"myplugin\/skull","pos":{"x":30.5,"y":57.01,"z":-0.5},"derive":{"dropItem":[["item",14,1,"myplugin\/iron_ingot","plugin\/myplugin\/item\/iron_ingot\/iron_ingot.png"]]},"ry":0},{"cfg":"myplugin\/skull","pos":{"x":39.5,"y":57.01,"z":-1.5},"derive":{"dropItem":[["item",1,1,"myplugin\/emerald","plugin\/myplugin\/item\/emerald\/emerald.png"]]},"ry":0},{"cfg":"myplugin\/skull","pos":{"x":27.5,"y":57.01,"z":2.5},"derive":{"dropItem":[["item",1,1,"myplugin\/iron_ingot","plugin\/myplugin\/item\/iron_ingot\/iron_ingot.png"]]},"ry":0},{"cfg":"myplugin\/skull","pos":{"x":21.5,"y":57.01,"z":-1.5},"derive":{"dropItem":[["item",25,1,"myplugin\/iron_ingot","plugin\/myplugin\/item\/iron_ingot\/iron_ingot.png"]]},"ry":0},{"cfg":"myplugin\/skull","pos":{"x":24.5,"y":57.01,"z":-1.5},"derive":{"dropItem":[["item",1,1,"myplugin\/diamond","plugin\/myplugin\/item\/diamond\/diamond_icon.png"]]},"ry":0},{"derive":{"fillBlock":{"blockId":302,"xSize":2,"ySize":2,"zSize":1},"tmpAiData":{"route":[{"x":34.5,"y":57,"z":9.5},{"x":34.5,"y":57,"z":8.5},{"x":34.5,"y":61,"z":8},{"x":34.5,"y":56.976837158203,"z":7.6278958320618},{"x":34.5,"y":56.989593505859,"z":10.351603507996}]},"aiData":{"route":[{"x":34.5,"y":57,"z":9.5},{"x":34.5,"y":57,"z":8.5},{"x":34.5,"y":61,"z":8},{"x":34.5,"y":56.976837158203,"z":7.6278958320618},{"x":34.5,"y":56.989593505859,"z":10.351603507996}]}},"cfg":"myplugin\/planks_birch","pos":{"x":34.5,"y":57,"z":9.5},"ry":90,"pitch":0}],"item":[{"cfg":"myplugin\/flame_bomb","pos":{"x":33.5,"y":57.01,"z":-15.5},"ry":0},{"cfg":"myplugin\/flame_bomb","pos":{"x":29.5,"y":58.820001373291,"z":-20.5},"ry":0},{"cfg":"myplugin\/flame_bomb","pos":{"x":31.5,"y":57.01,"z":-5.5},"ry":0},{"cfg":"myplugin\/flame_bomb","pos":{"x":25.5,"y":57.01,"z":-3.5},"ry":0},{"cfg":"myplugin\/flame_bomb","pos":{"x":29.5,"y":57.019998321533,"z":-19.5},"ry":0},{"cfg":"myplugin\/iron_pickaxe","pos":{"x":47.5,"y":57.01,"z":34.5},"ry":0},{"cfg":"myplugin\/flame_bomb","pos":{"x":28.5,"y":57.01,"z":-6.5},"ry":0}],"pos":{"x":33.671905517578,"y":58.422710418701,"z":20.078294754028},"dynamicBrightness":[{"brightness":{"x":0.6,"y":0.6,"z":0.6},"transition":1,"time":0},{"brightness":{"x":0.3,"y":0.3,"z":0.3},"transition":1,"time":10},{"brightness":{"x":0.1,"y":0.1,"z":0.1},"transition":1,"time":11},{"brightness":{"x":0.5,"y":0.5,"z":0.5},"transition":1,"time":22}],"dir":"map\/map-1593519096\/"}