{
    "dropItemList": [
        [
            "block",
            1,
            1,
            "myplugin/corn_stage_5",
            "block:myplugin/corn_stage_5",
            "corn_stage_5"
        ]
    ],
    "isOpaqueFullCube": false,
    "breakTime": 20,
    "collisionBoxes": [
        {
            "max": {
                "z": 0.5,
                "x": 1,
                "y": 0.5
            },
            "min": {
                "z": 0,
                "x": 0,
                "y": 0
            }
        },
        {
            "max": {
                "z": 1,
                "x": 1,
                "y": 1
            },
            "min": {
                "z": 0.5,
                "x": 0,
                "y": 0
            }
        }
    ],
    "quads": [
        {
            "pos": [
                {
                    "z": 0.2,
                    "x": 0,
                    "y": 1
                },
                {
                    "z": 0.2,
                    "x": 0,
                    "y": 0
                },
                {
                    "z": 0.2,
                    "x": 1,
                    "y": 0
                },
                {
                    "z": 0.2,
                    "x": 1,
                    "y": 1
                }
            ],
            "texture": "100002_corn_stage_5.png"
        },
        {
            "pos": [
                {
                    "z": 0.8,
                    "x": 0,
                    "y": 1
                },
                {
                    "z": 0.8,
                    "x": 0,
                    "y": 0
                },
                {
                    "z": 0.8,
                    "x": 1,
                    "y": 0
                },
                {
                    "z": 0.8,
                    "x": 1,
                    "y": 1
                }
            ],
            "texture": "100002_corn_stage_5.png"
        },
        {
            "pos": [
                {
                    "z": 0,
                    "x": 0.2,
                    "y": 1
                },
                {
                    "z": 0,
                    "x": 0.2,
                    "y": 0
                },
                {
                    "z": 1,
                    "x": 0.2,
                    "y": 0
                },
                {
                    "z": 1,
                    "x": 0.2,
                    "y": 1
                }
            ],
            "texture": "100002_corn_stage_5.png"
        },
        {
            "pos": [
                {
                    "z": 0,
                    "x": 0.8,
                    "y": 1
                },
                {
                    "z": 0,
                    "x": 0.8,
                    "y": 0
                },
                {
                    "z": 1,
                    "x": 0.8,
                    "y": 0
                },
                {
                    "z": 1,
                    "x": 0.8,
                    "y": 1
                }
            ],
            "texture": "100002_corn_stage_5.png"
        }
    ],
    "settingUI": {
        "tabList": [
            {
                "leftName": "editor.ui.baseProp",
                "wndName": "BaseProp"
            }
        ]
    },
    "blockObjectOnCollision": true,
    "editBaseFunc": "block_breakTime",
    "lightOpacity": 0,
    "dropItem": [
        {
            "item": "myplugin/21",
            "count": 1
        },
        {
            "item": "myplugin/22",
            "count": 1
        },
        {
            "item": "myplugin/23",
            "count": 1
        },
        {
            "item": "myplugin/24",
            "count": 1
        }
    ],
    "effect": "hand_point.effect",
    "base": "base_block"
}