{"yaw":-37.975471496582,"_time":1589966539,"storageDir":".\/mygame\/\/game1589966377\/map\/map-1589966539\/","skyBox":{"stage":"day","rotate":{"y":30,"x":0,"z":0},"texture":"Sky03"},"region":{},"dir":"map\/map-1589966539\/","editorSkyBox":{"rotate":{"y":30,"x":0,"z":0},"texture":"Sky02"},"pos":{"y":9.6061735153198,"x":19.085453033447,"z":-20.560495376587},"pitch":37.738353729248,"canBreak":true,"editorDynamicBrightness":{},"canAttack":true,"dynamicBrightness":[{"brightness":{"y":0.6,"x":0.6,"z":0.6},"time":0,"transition":1}],"dirty":false,"entity":{}}