{"editorSkyBox":{"rotate":{"x":0,"y":30,"z":0},"texture":"Sky02"},"canAttack":true,"editorDynamicBrightness":{},"canBreak":true,"storageDir":".\/mygame\/\/game1589966377\/map\/map-1589966539\/","dirty":false,"pitch":37.738353729248,"entity":{},"region":{},"skyBox":[{"stage":"day","texture":["Sky03_right.png","Sky03_left.png","Sky03_top.png","Sky03_bottom.png","Sky03_back.png","Sky03_front.png"],"transition":1,"time":0},{"stage":"day","texture":["dusk_right.png","dusk_left.png","dusk_top.png","dusk_bottom.png","dusk_back.png","dusk_front.png"],"transition":1,"time":10},{"stage":"night","texture":["night_right.png","night_left.png","night_top.png","night_bottom.png","night_back.png","night_front.png"],"transition":1,"time":11},{"stage":"day","texture":["Sky02_right.png","Sky02_left.png","Sky02_top.png","Sky02_bottom.png","Sky02_back.png","Sky02_front.png"],"transition":1,"time":22}],"_time":1589966539,"yaw":-37.975471496582,"pos":{"x":19.085453033447,"y":9.6061735153198,"z":-20.560495376587},"dynamicBrightness":[{"brightness":{"x":0.6,"y":0.6,"z":0.6},"transition":1,"time":0},{"brightness":{"x":0.3,"y":0.3,"z":0.3},"transition":1,"time":10},{"brightness":{"x":0.1,"y":0.1,"z":0.1},"transition":1,"time":11},{"brightness":{"x":0.5,"y":0.5,"z":0.5},"transition":1,"time":22}],"dir":"map\/map-1589966539\/"}