{
  "base": "base_block",
  "basePropDesc": {
    "block.die.drop.title": [
      [
        [
          "block",
          1,
          1,
          "myplugin/bone_block_8",
          "block:myplugin/bone_block_8",
          "bone_block_8"
        ]
      ]
    ],
    "golden_apple_hardness": [
      1
    ]
  },
  "placeBlockSound": {
    "loop": false,
    "path": "resource/blocksound/stone_place.mp3",
    "sound": "",
    "volume": 1
  },
  "breakBlockSound": {
    "loop":true,
    "path":"resource/blocksound/stone_break.mp3",
    "sound":"",
    "volume":1
  },
  "breakBlockAfterSound": {
    "loop": false,
    "path": "resource/blocksound/stone_final.mp3",
    "selfOnly": false,
    "sound": "",
    "volume": 1
  },
  "blockObjectOnCollision": false,
  "breakTime": 20,
  "collisionBoxes": [
    {
      "max": {
        "x": 1,
        "y": 0.5,
        "z": 0.5
      },
      "min": {
        "x": 0,
        "y": 0,
        "z": 0
      }
    },
    {
      "max": {
        "x": 1,
        "y": 1,
        "z": 1
      },
      "min": {
        "x": 0,
        "y": 0.5,
        "z": 0
      }
    }
  ],
  "desc": "{base_block_desc}\n{golden_apple_hardness}:1\n",
  "dropItemList": [
    [
      "block",
      1,
      1,
      "myplugin/bone_block_8",
      "block:myplugin/bone_block_8",
      "bone_block_8"
    ]
  ],
  "editBaseFunc": "block_breakTime",
  "isOpaqueFullCube": false,
  "lightOpacity": 15,
  "quads": [
    {
      "pos": [
        {
          "x": 1,
          "y": 1,
          "z": 1
        },
        {
          "x": 1,
          "y": 1,
          "z": 0
        },
        {
          "x": 0,
          "y": 1,
          "z": 0
        },
        {
          "x": 0,
          "y": 1,
          "z": 1
        }
      ],
      "texture": "bone_block_side_bone_block_8.png"
    },
    {
      "pos": [
        {
          "x": 0,
          "y": 0,
          "z": 1
        },
        {
          "x": 0,
          "y": 0,
          "z": 0
        },
        {
          "x": 1,
          "y": 0,
          "z": 0
        },
        {
          "x": 1,
          "y": 0,
          "z": 1
        }
      ],
      "texture": "bone_block_side_bone_block_8.png"
    },
    {
      "pos": [
        {
          "x": 1,
          "y": 0,
          "z": 1
        },
        {
          "x": 1,
          "y": 0,
          "z": 0
        },
        {
          "x": 1,
          "y": 1,
          "z": 0
        },
        {
          "x": 1,
          "y": 1,
          "z": 1
        }
      ],
      "texture": "bone_block_side_bone_block_8.png"
    },
    {
      "pos": [
        {
          "x": 0,
          "y": 1,
          "z": 1
        },
        {
          "x": 0,
          "y": 1,
          "z": 0
        },
        {
          "x": 0,
          "y": 0,
          "z": 0
        },
        {
          "x": 0,
          "y": 0,
          "z": 1
        }
      ],
      "texture": "bone_block_side_bone_block_8.png"
    },
    {
      "pos": [
        {
          "x": 1,
          "y": 1,
          "z": 0
        },
        {
          "x": 1,
          "y": 0,
          "z": 0
        },
        {
          "x": 0,
          "y": 0,
          "z": 0
        },
        {
          "x": 0,
          "y": 1,
          "z": 0
        }
      ],
      "texture": "bone_block_top_bone_block_8.png"
    },
    {
      "pos": [
        {
          "x": 1,
          "y": 0,
          "z": 1
        },
        {
          "x": 1,
          "y": 1,
          "z": 1
        },
        {
          "x": 0,
          "y": 1,
          "z": 1
        },
        {
          "x": 0,
          "y": 0,
          "z": 1
        }
      ],
      "texture": "bone_block_top_bone_block_8.png"
    }
  ],
  "settingUI": {
    "tabList": [
      {
        "leftName": "editor.ui.baseProp",
        "wndName": "BaseProp"
      }
    ]
  }
}