{
    "dropItemList": [
        [
            "block",
            1,
            1,
            "myplugin/brewing_stand",
            "block:myplugin/brewing_stand",
            "brewing_stand"
        ]
    ],
    "editBaseFunc": "block_breakTime",
    "breakTime": 20,
    "settingUI": {
        "tabList": [
            {
                "leftName": "editor.ui.baseProp",
                "wndName": "BaseProp"
            }
        ]
    },
    "isOpaqueFullCube": false,
    "lightOpacity": 15,
    "quads": [
        {
            "texture": "brewing_stand.png",
            "pos": [
                {
                    "z": 0,
                    "x": 0,
                    "y": 1
                },
                {
                    "z": 0,
                    "x": 0,
                    "y": 0
                },
                {
                    "z": 1,
                    "x": 1,
                    "y": 0
                },
                {
                    "z": 1,
                    "x": 1,
                    "y": 1
                }
            ]
        },
        {
            "texture": "brewing_stand.png",
            "pos": [
                {
                    "z": 0,
                    "x": 1,
                    "y": 1
                },
                {
                    "z": 0,
                    "x": 1,
                    "y": 0
                },
                {
                    "z": 1,
                    "x": 0,
                    "y": 0
                },
                {
                    "z": 1,
                    "x": 0,
                    "y": 1
                }
            ]
        }
    ],
    "base": "base_block"
}