{
    "dropItemList": [
        [
            "block",
            1,
            1,
            "myplugin/chorus_flower_5",
            "block:myplugin/chorus_flower_5",
            "chorus_flower_5"
        ]
    ],
    "editBaseFunc": "block_breakTime",
    "breakTime": 20,
    "texture": {},
    "settingUI": {
        "tabList": [
            {
                "leftName": "editor.ui.baseProp",
                "wndName": "BaseProp"
            }
        ]
    },
    "base": "base_block"
}