{"monstersOutRange":24,"monstersDieRange":108,"monstersMaxCount":10,"monstersCheckInterval":10,"addMonsters":[[{"monsterRangeSetTable":{"myplugin\/grass":{"type":"block","icon":"block:myplugin\/grass","name":"grass","fullName":"myplugin\/grass"}},"monsterEnvironment":"night","monsterRangeNoSetTable":{"myplugin\/grass":{"type":"block","icon":"block:myplugin\/grass","name":"grass","fullName":"myplugin\/grass"}},"monsterSpecies":[{"type":"entity","icon":"plugin\/myplugin\/entity\/skull\/skull.png","name":"myplugin\/skull_itemname","fullName":"myplugin\/skull"},{"type":"entity","icon":"plugin\/myplugin\/entity\/zombie\/zombie.png","name":"myplugin\/zombie_itemname","fullName":"myplugin\/zombie"}],"monsterRange":"noset"}]]}