{
  "base": "base_block",
  "basePropDesc": {
    "block.die.drop.title": [
      [
        [
          "block",
          1,
          1,
          "myplugin/cobblestone_02",
          "block:myplugin/cobblestone_02",
          "cobblestone_02"
        ]
      ]
    ],
    "golden_apple_hardness": [
      1.0
    ]
  },
  "placeBlockSound": {
    "loop": false,
    "path": "resource/blocksound/stone_place.mp3",
    "sound": "",
    "volume": 1
  },
  "breakBlockSound": {
    "loop":true,
    "path":"resource/blocksound/stone_break.mp3",
    "sound":"",
    "volume":1
  },
  "breakBlockAfterSound": {
    "loop": false,
    "path": "resource/blocksound/stone_final.mp3",
    "selfOnly": false,
    "sound": "",
    "volume": 1
  },
  "blockHp": 30,
  "blockType": "stone",
  "breakTime": 20,
  "desc": "{base_block_desc}\n{golden_apple_hardness}:1.0\n",
  "dropItemList": [
    [
      "block",
      1,
      1,
      "myplugin/cobblestone_02",
      "block:myplugin/cobblestone_02",
      "cobblestone_02"
    ]
  ],
  "editBaseFunc": "block_breakTime",
  "Editor_NameKey": "tr.10066",
  "Editor_SpecialId": [
    "4:0"
  ],
  "fall": false,
  "reward": 30,
  "settingUI": {
    "tabList": [
      {
        "leftName": "editor.ui.baseProp",
        "wndName": "BaseProp"
      }
    ]
  },
  "texture": [
    "cobblestone_cobblestone_02.png",
    "cobblestone_cobblestone_02.png",
    "cobblestone_cobblestone_02.png",
    "cobblestone_cobblestone_02.png",
    "cobblestone_cobblestone_02.png",
    "cobblestone_cobblestone_02.png"
  ]
}