{
  "base": "base_block",
  "basePropDesc": {
    "block.die.drop.title": [
      [
        [
          "block",
          1,
          1,
          "myplugin/birch_wood_slab",
          "block:myplugin/birch_wood_slab",
          "myplugin/birch_wood_slab_itemname"
        ]
      ]
    ],
    "golden_apple_hardness": [
      1
    ]
  },
  "placeBlockSound": {
    "loop": false,
    "path": "resource/blocksound/tree_place.mp3",
    "sound": "",
    "volume": 1
  },
  "breakBlockSound": {
    "loop":true,
    "path":"resource/blocksound/tree_break.mp3",
    "sound":"",
    "volume":1
  },
  "breakBlockAfterSound": {
    "loop": false,
    "path": "resource/blocksound/tree_final.mp3",
    "selfOnly": false,
    "sound": "",
    "volume": 1
  },
  "blockObjectOnCollision": false,
  "blockType": "wood",
  "breakTime": 20,
  "collisionBoxes": [
    {
      "max": {
        "x": 1,
        "y": 0.5,
        "z": 1
      },
      "min": {
        "x": 0,
        "y": 0,
        "z": 0
      }
    }
  ],
  "desc": "{base_block_desc}\n{golden_apple_hardness}:1\n",
  "dropItemList": [
    [
      "block",
      1,
      1,
      "myplugin/birch_wood_slab",
      "block:myplugin/birch_wood_slab",
      "myplugin/birch_wood_slab_itemname"
    ]
  ],
  "editBaseFunc": "block_breakTime",
  "isOpaqueFullCube": false,
  "itemname": "myplugin/birch_wood_slab_itemname",
  "jumpBuff": [
    "myplugin/jump_sound"
  ],
  "lightOpacity": 15,
  "quads": [
    {
      "pos": [
        {
          "x": 0,
          "y": 1,
          "z": 1
        },
        {
          "x": 0,
          "y": 0,
          "z": 1
        },
        {
          "x": 1,
          "y": 0,
          "z": 1
        },
        {
          "x": 1,
          "y": 1,
          "z": 1
        }
      ],
      "texture": "birch_back02_birch_wood_slab.png"
    },
    {
      "pos": [
        {
          "x": 0,
          "y": 1,
          "z": 0
        },
        {
          "x": 0,
          "y": 0,
          "z": 0
        },
        {
          "x": 0,
          "y": 0,
          "z": 1
        },
        {
          "x": 0,
          "y": 1,
          "z": 1
        }
      ],
      "texture": "birch_back02_birch_wood_slab.png"
    },
    {
      "pos": [
        {
          "x": 1,
          "y": 1,
          "z": 0
        },
        {
          "x": 1,
          "y": 0,
          "z": 0
        },
        {
          "x": 0,
          "y": 0,
          "z": 0
        },
        {
          "x": 0,
          "y": 1,
          "z": 0
        }
      ],
      "texture": "birch_back02_birch_wood_slab.png"
    },
    {
      "pos": [
        {
          "x": 1,
          "y": 1,
          "z": 1
        },
        {
          "x": 1,
          "y": 0,
          "z": 1
        },
        {
          "x": 1,
          "y": 0,
          "z": 0
        },
        {
          "x": 1,
          "y": 1,
          "z": 0
        }
      ],
      "texture": "birch_back02_birch_wood_slab.png"
    },
    {
      "pos": [
        {
          "x": 0,
          "y": 0.5,
          "z": 0
        },
        {
          "x": 0,
          "y": 0.5,
          "z": 1
        },
        {
          "x": 1,
          "y": 0.5,
          "z": 1
        },
        {
          "x": 1,
          "y": 0.5,
          "z": 0
        }
      ],
      "texture": "birch_back_birch_wood_slab.png"
    },
    {
      "pos": [
        {
          "x": 1,
          "y": 0,
          "z": 0
        },
        {
          "x": 1,
          "y": 0,
          "z": 1
        },
        {
          "x": 0,
          "y": 0,
          "z": 1
        },
        {
          "x": 0,
          "y": 0,
          "z": 0
        }
      ],
      "texture": "birch_back_birch_wood_slab.png"
    }
  ],
  "settingUI": {
    "tabList": [
      {
        "leftName": "editor.ui.baseProp",
        "wndName": "BaseProp"
      }
    ]
  }
}