{
  "base": "base_block",
  "basePropDesc": {
    "block.die.drop.title": [
      [
        [
          "block",
          1,
          1,
          "myplugin/Sand_brick_3",
          "block:myplugin/Sand_brick_3",
          "Sand_brick_3"
        ]
      ]
    ],
    "golden_apple_hardness": [
      1.0
    ]
  },
  "placeBlockSound": {
    "loop": false,
    "path": "resource/blocksound/sand_place.mp3",
    "sound": "",
    "volume": 1
  },
  "breakBlockSound": {
    "loop":true,
    "path":"resource/blocksound/sand_break.mp3",
    "sound":"",
    "volume":1
  },
  "breakBlockAfterSound": {
    "loop": false,
    "path": "resource/blocksound/sand_final.mp3",
    "selfOnly": false,
    "sound": "",
    "volume": 1
  },
  "blockType": "stone",
  "breakTime": 20,
  "desc": "{base_block_desc}\n{golden_apple_hardness}:1.0\n",
  "dropItemList": [
    [
      "block",
      1,
      1,
      "myplugin/Sand_brick_3",
      "block:myplugin/Sand_brick_3",
      "Sand_brick_3"
    ]
  ],
  "editBaseFunc": "block_breakTime",
  "Editor_NameKey": "tr.10269",
  "Editor_SpecialId": [
    "12:0"
  ],
  "settingUI": {
    "tabList": [
      {
        "leftName": "editor.ui.baseProp",
        "wndName": "BaseProp"
      }
    ]
  },
  "texture": [
    "sand_Sand_brick_3.png",
    "sand_Sand_brick_3.png",
    "sand_Sand_brick_3.png",
    "sand_Sand_brick_3.png",
    "sand_Sand_brick_3.png",
    "sand_Sand_brick_3.png"
  ]
}