{
		"dropItemList":[
			[
				"block",
				1,
				1,
				"myplugin\/coal_ore",
				"block:myplugin\/coal_ore",
				"coal_ore"
			]
		],
		"editBaseFunc":"block_breakTime",
		"breakTime":20,
		"reward":60,
		"texture":[
			"coal_ore.png",
			"coal_ore.png",
			"coal_ore.png",
			"coal_ore.png",
			"coal_ore.png",
			"coal_ore.png"
		],
		"settingUI":{
			"tabList":[
				{
					"leftName":"editor.ui.baseProp",
					"wndName":"BaseProp"
				}
			]
		},
		"blockHp":50,
		"fall":true,
		"base":"cobblestone"
	}