{
  "base": "base_block",
  "basePropDesc": {
    "block.die.drop.title": [
      [
        [
          "block",
          1,
          1,
          "myplugin/bone_block_4",
          "block:myplugin/bone_block_4",
          "bone_block_4"
        ]
      ]
    ],
    "golden_apple_hardness": [
      1
    ]
  },
  "placeBlockSound": {
    "loop": false,
    "path": "resource/blocksound/stone_place.mp3",
    "sound": "",
    "volume": 1
  },
  "breakBlockSound": {
    "loop":true,
    "path":"resource/blocksound/stone_break.mp3",
    "sound":"",
    "volume":1
  },
  "breakBlockAfterSound": {
    "loop": false,
    "path": "resource/blocksound/stone_final.mp3",
    "selfOnly": false,
    "sound": "",
    "volume": 1
  },
  "blockObjectOnCollision": false,
  "breakTime": 20,
  "canClick": false,
  "canSwim": false,
  "climbSpeed": 0,
  "collisionBoxes": [
    {
      "max": {
        "x": 1,
        "y": 0.5,
        "z": 1
      },
      "min": {
        "x": 0.5,
        "y": 0,
        "z": 0
      }
    },
    {
      "max": {
        "x": 1,
        "y": 1,
        "z": 1
      },
      "min": {
        "x": 0,
        "y": 0.5,
        "z": 0
      }
    }
  ],
  "color": [
    1,
    1,
    1,
    1
  ],
  "desc": "{base_block_desc}\n{golden_apple_hardness}:1\n",
  "dropItemList": [
    [
      "block",
      1,
      1,
      "myplugin/bone_block_4",
      "block:myplugin/bone_block_4",
      "bone_block_4"
    ]
  ],
  "editBaseFunc": "block_breakTime",
  "emitLightInMaxLightMode": true,
  "fall": false,
  "isOpaqueFullCube": false,
  "lightEmitted": 0,
  "lightOpacity": 15,
  "maxFallSpeed": 1.5,
  "maxSpeed": 0,
  "quads": [
    {
      "pos": [
        {
          "x": 0,
          "y": 1,
          "z": 1
        },
        {
          "x": 1,
          "y": 1,
          "z": 1
        },
        {
          "x": 1,
          "y": 1,
          "z": 0
        },
        {
          "x": 0,
          "y": 1,
          "z": 0
        }
      ],
      "texture": "bone_block_side_bone_block_4.png"
    },
    {
      "pos": [
        {
          "x": 0,
          "y": 0,
          "z": 0
        },
        {
          "x": 1,
          "y": 0,
          "z": 0
        },
        {
          "x": 1,
          "y": 0,
          "z": 1
        },
        {
          "x": 0,
          "y": 0,
          "z": 1
        }
      ],
      "texture": "bone_block_side_bone_block_4.png"
    },
    {
      "pos": [
        {
          "x": 0,
          "y": 0,
          "z": 1
        },
        {
          "x": 1,
          "y": 0,
          "z": 1
        },
        {
          "x": 1,
          "y": 1,
          "z": 1
        },
        {
          "x": 0,
          "y": 1,
          "z": 1
        }
      ],
      "texture": "bone_block_side_bone_block_4.png"
    },
    {
      "pos": [
        {
          "x": 0,
          "y": 1,
          "z": 0
        },
        {
          "x": 1,
          "y": 1,
          "z": 0
        },
        {
          "x": 1,
          "y": 0,
          "z": 0
        },
        {
          "x": 0,
          "y": 0,
          "z": 0
        }
      ],
      "texture": "bone_block_side_bone_block_4.png"
    },
    {
      "pos": [
        {
          "x": 1,
          "y": 1,
          "z": 1
        },
        {
          "x": 1,
          "y": 0,
          "z": 1
        },
        {
          "x": 1,
          "y": 0,
          "z": 0
        },
        {
          "x": 1,
          "y": 1,
          "z": 0
        }
      ],
      "texture": "bone_block_top_bone_block_4.png"
    },
    {
      "pos": [
        {
          "x": 0,
          "y": 0,
          "z": 1
        },
        {
          "x": 0,
          "y": 1,
          "z": 1
        },
        {
          "x": 0,
          "y": 1,
          "z": 0
        },
        {
          "x": 0,
          "y": 0,
          "z": 0
        }
      ],
      "texture": "bone_block_top_bone_block_4.png"
    }
  ],
  "recycle": false,
  "recycleTime": 20,
  "renderable": true,
  "renderPass": 4,
  "settingUI": {
    "tabList": [
      {
        "leftName": "editor.ui.baseProp",
        "wndName": "BaseProp"
      }
    ]
  },
  "spring": 0
}